GalaxyName,Class,RadiusKpc,RadiusFraction,aN_over_a0,StressDispersionOverRotationScale,Predicted_S_tau_contextual_v01,ContextualComponents,ModelVelocity_S_tau1,ModelVelocity_ContextualRule,AbsLogResidual_S_tau1,AbsLogResidual_ContextualRule,DeltaAbsLogResidual_ContextualMinusS1,InterpretationGuardrail
DDO154,A,0.49,0.0827703,0.0494691,2.868348251,0.980000000,base_1p00;low_acc_plus_0p04;inner_plus_0p02;very_high_stress_minus_0p08,19.892339200,19.683971333,0.365666101,0.355136074,-0.010530027,contextual_s_tau_rule_post_audit_candidate_not_validation
DDO154,A,0.99,0.16723,0.0440568,2.235606942,0.980000000,base_1p00;low_acc_plus_0p04;inner_plus_0p02;very_high_stress_minus_0p08,27.190083895,26.900449760,0.230159029,0.219449691,-0.010709338,contextual_s_tau_rule_post_audit_candidate_not_validation
DDO154,A,1.48,0.25,0.0368617,1.548471645,1.020000000,base_1p00;low_acc_plus_0p04;inner_plus_0p02;high_stress_minus_0p04,31.286144989,31.627608746,0.079333752,0.090188839,0.010855087,contextual_s_tau_rule_post_audit_candidate_not_validation
DDO154,A,1.97,0.33277,0.0334508,1.174376483,1.000000000,base_1p00;low_acc_plus_0p04;high_stress_minus_0p04,34.912557403,34.912557403,0.017701221,0.017701221,0.000000000,contextual_s_tau_rule_post_audit_candidate_not_validation
DDO154,A,2.47,0.41723,0.0295179,1.052275860,1.000000000,base_1p00;low_acc_plus_0p04;high_stress_minus_0p04,37.440154897,37.440154897,0.020091727,0.020091727,-0.000000000,contextual_s_tau_rule_post_audit_candidate_not_validation
DDO154,A,2.96,0.5,0.0277722,1.107041166,1.000000000,base_1p00;low_acc_plus_0p04;high_stress_minus_0p04,40.127783618,40.127783618,0.045600666,0.045600666,-0.000000000,contextual_s_tau_rule_post_audit_candidate_not_validation
DDO154,A,3.46,0.584459,0.0269119,0.931621771,1.040000000,base_1p00;low_acc_plus_0p04,42.912266606,43.886018070,0.038576139,0.016138085,-0.022438054,contextual_s_tau_rule_post_audit_candidate_not_validation
DDO154,A,3.95,0.66723,0.0239951,0.690359071,1.040000000,base_1p00;low_acc_plus_0p04,44.048781493,45.061381513,0.049844271,0.027116367,-0.022727904,contextual_s_tau_rule_post_audit_candidate_not_validation
DDO154,A,4.44,0.75,0.0202015,0.627438919,1.070000000,base_1p00;low_acc_plus_0p04;outer_plus_0p03,43.955368272,45.756548161,0.075447467,0.035287318,-0.040160149,contextual_s_tau_rule_post_audit_candidate_not_validation
DDO154,A,4.94,0.834459,0.0169671,0.625561927,1.070000000,base_1p00;low_acc_plus_0p04;outer_plus_0p03,43.577383069,45.394605392,0.100820742,0.059965747,-0.040854995,contextual_s_tau_rule_post_audit_candidate_not_validation
DDO154,A,5.43,0.91723,0.0142488,0.546388127,1.070000000,base_1p00;low_acc_plus_0p04;outer_plus_0p03,42.915599932,44.734871567,0.099386834,0.057868907,-0.041517927,contextual_s_tau_rule_post_audit_candidate_not_validation
DDO154,A,5.92,1,0.0120527,0.485259845,1.070000000,base_1p00;low_acc_plus_0p04;outer_plus_0p03,42.179364903,43.994117010,0.075781208,0.033656405,-0.042124803,contextual_s_tau_rule_post_audit_candidate_not_validation
NGC2366,C,0.12,0.019802,0.0170808,6.541669106,0.980000000,base_1p00;low_acc_plus_0p04;inner_plus_0p02;very_high_stress_minus_0p08,6.808057386,6.726994877,0.483022295,0.471043992,-0.011978303,contextual_s_tau_rule_post_audit_candidate_not_validation
NGC2366,C,0.36,0.0594059,0.0468406,3.434442532,0.980000000,base_1p00;low_acc_plus_0p04;inner_plus_0p02;very_high_stress_minus_0p08,16.739588119,16.562833188,0.576003507,0.565388267,-0.010615240,contextual_s_tau_rule_post_audit_candidate_not_validation
NGC2366,C,0.59,0.0973597,0.0590848,3.768856713,0.980000000,base_1p00;low_acc_plus_0p04;inner_plus_0p02;very_high_stress_minus_0p08,23.166086285,22.929991406,0.414836583,0.404592894,-0.010243689,contextual_s_tau_rule_post_audit_candidate_not_validation
NGC2366,C,0.83,0.136964,0.0687225,3.477536026,0.980000000,base_1p00;low_acc_plus_0p04;inner_plus_0p02;very_high_stress_minus_0p08,28.889970999,28.602831036,0.451143846,0.441155036,-0.009988810,contextual_s_tau_rule_post_audit_candidate_not_validation
NGC2366,C,1.07,0.176568,0.0731464,2.145374989,0.980000000,base_1p00;low_acc_plus_0p04;inner_plus_0p02;very_high_stress_minus_0p08,33.484280015,33.155068760,0.358340053,0.348459586,-0.009880467,contextual_s_tau_rule_post_audit_candidate_not_validation
NGC2366,C,1.31,0.216172,0.0754616,1.999156579,1.020000000,base_1p00;low_acc_plus_0p04;inner_plus_0p02;high_stress_minus_0p04,37.431687622,37.797677650,0.286748032,0.296478087,0.009730055,contextual_s_tau_rule_post_audit_candidate_not_validation
NGC2366,C,1.54,0.254125,0.0748255,1.727260413,1.020000000,base_1p00;low_acc_plus_0p04;inner_plus_0p02;high_stress_minus_0p04,40.472004254,40.868319636,0.201077200,0.210821900,0.009744700,contextual_s_tau_rule_post_audit_candidate_not_validation
NGC2366,C,1.79,0.29538,0.0751692,1.498816342,1.020000000,base_1p00;low_acc_plus_0p04;inner_plus_0p02;high_stress_minus_0p04,43.699412108,44.126981668,0.152993716,0.162730492,0.009736776,contextual_s_tau_rule_post_audit_candidate_not_validation
NGC2366,C,2.02,0.333333,0.0759727,1.354142162,1.000000000,base_1p00;low_acc_plus_0p04;high_stress_minus_0p04,46.584698380,46.584698380,0.139970152,0.139970152,0.000000000,contextual_s_tau_rule_post_audit_candidate_not_validation
NGC2366,C,2.26,0.372937,0.0734763,1.121731975,1.000000000,base_1p00;low_acc_plus_0p04;high_stress_minus_0p04,48.735674682,48.735674682,0.141624216,0.141624216,-0.000000000,contextual_s_tau_rule_post_audit_candidate_not_validation
NGC2366,C,2.49,0.410891,0.0684866,1.033458465,1.000000000,base_1p00;low_acc_plus_0p04;high_stress_minus_0p04,49.982032168,49.982032168,0.100566497,0.100566497,0.000000000,contextual_s_tau_rule_post_audit_candidate_not_validation
NGC2366,C,2.74,0.452145,0.0643421,0.802076206,1.040000000,base_1p00;low_acc_plus_0p04,51.358397867,52.390738791,0.080206236,0.100107606,0.019901370,contextual_s_tau_rule_post_audit_candidate_not_validation
NGC2366,C,2.97,0.490099,0.0624508,0.744084892,1.040000000,base_1p00;low_acc_plus_0p04,52.943507532,54.012977601,0.095943272,0.115942167,0.019998895,contextual_s_tau_rule_post_audit_candidate_not_validation
NGC2366,C,3.21,0.529703,0.0604668,0.681528951,1.040000000,base_1p00;low_acc_plus_0p04,54.453238276,55.559017342,0.109612007,0.129715518,0.020103511,contextual_s_tau_rule_post_audit_candidate_not_validation
NGC2366,C,3.44,0.567657,0.0584461,0.641313956,1.040000000,base_1p00;low_acc_plus_0p04,55.735548252,56.873572986,0.094692242,0.114904876,0.020212634,contextual_s_tau_rule_post_audit_candidate_not_validation
NGC2366,C,3.69,0.608911,0.0557282,0.486725841,1.040000000,base_1p00;low_acc_plus_0p04,56.814642009,57.983462751,0.086629126,0.106992896,0.020363770,contextual_s_tau_rule_post_audit_candidate_not_validation
NGC2366,C,3.92,0.646865,0.0534911,0.500303888,1.040000000,base_1p00;low_acc_plus_0p04,57.760838408,58.956695863,0.086019096,0.106511292,0.020492196,contextual_s_tau_rule_post_audit_candidate_not_validation
NGC2366,C,4.16,0.686469,0.0504328,0.512735420,1.070000000,base_1p00;low_acc_plus_0p04;outer_plus_0p03,58.338261114,60.470895667,0.082845156,0.118749184,0.035904028,contextual_s_tau_rule_post_audit_candidate_not_validation
NGC2366,C,4.4,0.726073,0.0477724,0.486309509,1.070000000,base_1p00;low_acc_plus_0p04;outer_plus_0p03,58.912424110,61.083399302,0.140312472,0.176500600,0.036188128,contextual_s_tau_rule_post_audit_candidate_not_validation
NGC2366,C,4.64,0.765677,0.0454744,0.462619369,1.070000000,base_1p00;low_acc_plus_0p04;outer_plus_0p03,59.498793358,61.707088745,0.142434360,0.178877142,0.036442782,contextual_s_tau_rule_post_audit_candidate_not_validation
NGC2366,C,4.87,0.80363,0.0443976,0.412301916,1.070000000,base_1p00;low_acc_plus_0p04;outer_plus_0p03,60.463182209,62.714953015,0.160452814,0.197018097,0.036565283,contextual_s_tau_rule_post_audit_candidate_not_validation
NGC2366,C,5.11,0.843234,0.0431236,0.379207550,1.070000000,base_1p00;low_acc_plus_0p04;outer_plus_0p03,61.326843390,63.620175276,0.196226474,0.232939466,0.036712992,contextual_s_tau_rule_post_audit_candidate_not_validation
NGC2366,C,5.35,0.882838,0.0411713,0.363881618,1.070000000,base_1p00;low_acc_plus_0p04;outer_plus_0p03,61.770656673,64.095487262,0.241864643,0.278810162,0.036945519,contextual_s_tau_rule_post_audit_candidate_not_validation
NGC2366,C,5.59,0.922442,0.0388994,0.340504364,1.070000000,base_1p00;low_acc_plus_0p04;outer_plus_0p03,61.931703693,64.280639000,0.214009219,0.251235476,0.037226257,contextual_s_tau_rule_post_audit_candidate_not_validation
NGC2366,C,5.82,0.960396,0.0364023,0.350925769,1.070000000,base_1p00;low_acc_plus_0p04;outer_plus_0p03,61.775733470,64.139430656,0.231690327,0.269239020,0.037548693,contextual_s_tau_rule_post_audit_candidate_not_validation
NGC2366,C,6.06,1,0.0345278,0.357267929,1.070000000,base_1p00;low_acc_plus_0p04;outer_plus_0p03,61.903740221,64.288572627,0.225630177,0.263431472,0.037801295,contextual_s_tau_rule_post_audit_candidate_not_validation
NGC2403,A,0.16,0.00766651,0.454641,2.693156610,0.960000000,base_1p00;high_acc_plus_0p02;inner_plus_0p02;very_high_stress_minus_0p08,23.283340264,23.008484589,0.050935023,0.062810074,0.011875051,contextual_s_tau_rule_post_audit_candidate_not_validation
NGC2403,A,0.26,0.0124581,0.648264,1.138456521,1.000000000,base_1p00;high_acc_plus_0p02;inner_plus_0p02;high_stress_minus_0p04,33.374682165,33.374682165,0.056085370,0.056085370,0.000000000,contextual_s_tau_rule_post_audit_candidate_not_validation
NGC2403,A,0.36,0.0172496,0.830282,0.974932430,1.040000000,base_1p00;high_acc_plus_0p02;inner_plus_0p02,42.735256258,43.113936273,0.010816242,0.001994203,-0.008822039,contextual_s_tau_rule_post_audit_candidate_not_validation
NGC2403,A,0.46,0.0220412,0.94614,0.916981667,1.040000000,base_1p00;high_acc_plus_0p02;inner_plus_0p02,50.567078358,50.983994236,0.027942979,0.019731974,-0.008211005,contextual_s_tau_rule_post_audit_candidate_not_validation
NGC2403,A,0.56,0.0268328,0.983941,0.773384140,1.040000000,base_1p00;high_acc_plus_0p02;inner_plus_0p02,56.572834043,57.028970805,0.073704269,0.065673776,-0.008030493,contextual_s_tau_rule_post_audit_candidate_not_validation
NGC2403,A,0.66,0.0316243,0.937525,0.791318218,1.040000000,base_1p00;high_acc_plus_0p02;inner_plus_0p02,60.375236015,60.875595911,0.086040817,0.077787468,-0.008253349,contextual_s_tau_rule_post_audit_candidate_not_validation
NGC2403,A,0.76,0.0364159,0.895336,0.714420280,1.040000000,base_1p00;high_acc_plus_0p02;inner_plus_0p02,63.747573497,64.289651723,0.117559627,0.109092067,-0.008467560,contextual_s_tau_rule_post_audit_candidate_not_validation
NGC2403,A,0.86,0.0412075,0.836404,0.673924666,1.040000000,base_1p00;high_acc_plus_0p02;inner_plus_0p02,66.220366902,66.804831840,0.119152434,0.110365096,-0.008787338,contextual_s_tau_rule_post_audit_candidate_not_validation
NGC2403,A,0.96,0.045999,0.793012,0.540437211,1.040000000,base_1p00;high_acc_plus_0p02;inner_plus_0p02,68.686676938,69.310404352,0.082585258,0.073545477,-0.009039781,contextual_s_tau_rule_post_audit_candidate_not_validation
NGC2403,A,1.06,0.0507906,0.762512,0.494274220,1.040000000,base_1p00;high_acc_plus_0p02;inner_plus_0p02,71.208447478,71.868509672,0.072985621,0.063758882,-0.009226739,contextual_s_tau_rule_post_audit_candidate_not_validation
NGC2403,A,1.16,0.0555822,0.740421,0.462493075,1.040000000,base_1p00;high_acc_plus_0p02;inner_plus_0p02,73.745467660,74.439519375,0.062479087,0.053111650,-0.009367437,contextual_s_tau_rule_post_audit_candidate_not_validation
NGC2403,A,1.27,0.0608529,0.72371,0.513954320,1.040000000,base_1p00;high_acc_plus_0p02;inner_plus_0p02,76.563905885,77.292950192,0.085522546,0.076045559,-0.009476987,contextual_s_tau_rule_post_audit_candidate_not_validation
NGC2403,A,1.36,0.0651653,0.726599,0.499502619,1.040000000,base_1p00;high_acc_plus_0p02;inner_plus_0p02,79.338087523,80.092014975,0.085269366,0.075811515,-0.009457851,contextual_s_tau_rule_post_audit_candidate_not_validation
NGC2403,A,1.47,0.070436,0.71648,0.425899082,1.040000000,base_1p00;high_acc_plus_0p02;inner_plus_0p02,82.091002778,82.876675908,0.062666861,0.053141612,-0.009525249,contextual_s_tau_rule_post_audit_candidate_not_validation
NGC2403,A,1.57,0.0752276,0.714787,0.400589262,1.040000000,base_1p00;high_acc_plus_0p02;inner_plus_0p02,84.768987671,85.581264880,0.063207696,0.053671069,-0.009536627,contextual_s_tau_rule_post_audit_candidate_not_validation
NGC2403,A,1.67,0.0800192,0.720392,0.392573149,1.040000000,base_1p00;high_acc_plus_0p02;inner_plus_0p02,87.659761727,88.496415340,0.062357131,0.052858061,-0.009499070,contextual_s_tau_rule_post_audit_candidate_not_validation
NGC2403,A,1.77,0.0848107,0.722026,0.361491720,1.040000000,base_1p00;high_acc_plus_0p02;inner_plus_0p02,90.315891810,91.176903613,0.032506674,0.023018493,-0.009488181,contextual_s_tau_rule_post_audit_candidate_not_validation
NGC2403,A,1.87,0.0896023,0.717045,0.364823788,1.040000000,base_1p00;high_acc_plus_0p02;inner_plus_0p02,92.613447744,93.499474231,0.027545587,0.018024129,-0.009521458,contextual_s_tau_rule_post_audit_candidate_not_validation
NGC2403,A,1.97,0.0943939,0.711406,0.383413985,1.040000000,base_1p00;high_acc_plus_0p02;inner_plus_0p02,94.802476518,95.713080328,0.024975179,0.015415742,-0.009559437,contextual_s_tau_rule_post_audit_candidate_not_validation
NGC2403,A,2.08,0.0996646,0.705716,0.396302235,1.040000000,base_1p00;high_acc_plus_0p02;inner_plus_0p02,97.147680582,98.084602312,0.019897140,0.010299046,-0.009598094,contextual_s_tau_rule_post_audit_candidate_not_validation
NGC2403,A,2.18,0.104456,0.703442,0.384796717,1.040000000,base_1p00;high_acc_plus_0p02;inner_plus_0p02,99.346508827,100.306195900,0.011607613,0.021221251,0.009613638,contextual_s_tau_rule_post_audit_candidate_not_validation
NGC2403,A,2.28,0.109248,0.681381,0.400748583,1.040000000,base_1p00;high_acc_plus_0p02;inner_plus_0p02,100.507792306,101.494295026,0.023229045,0.032996375,0.009767330,contextual_s_tau_rule_post_audit_candidate_not_validation
NGC2403,A,2.37,0.11356,0.649427,0.405068447,1.040000000,base_1p00;high_acc_plus_0p02;inner_plus_0p02,100.824589271,101.837863147,0.026376052,0.036375756,0.009999704,contextual_s_tau_rule_post_audit_candidate_not_validation
NGC2403,A,2.47,0.118352,0.616729,0.408998554,1.040000000,base_1p00;high_acc_plus_0p02;inner_plus_0p02,101.160485229,102.202754189,0.039937507,0.050187915,0.010250408,contextual_s_tau_rule_post_audit_candidate_not_validation
NGC2403,A,2.57,0.123143,0.588239,0.375389229,1.040000000,base_1p00;high_acc_plus_0p02;inner_plus_0p02,101.571365949,102.641478406,0.033755449,0.044235909,0.010480460,contextual_s_tau_rule_post_audit_candidate_not_validation
NGC2403,A,2.68,0.128414,0.557796,0.371978715,1.040000000,base_1p00;high_acc_plus_0p02;inner_plus_0p02,101.907637592,103.007955959,0.037060674,0.047800012,0.010739338,contextual_s_tau_rule_post_audit_candidate_not_validation
NGC2403,A,2.78,0.133206,0.532963,0.390793036,1.040000000,base_1p00;high_acc_plus_0p02;inner_plus_0p02,102.240609962,103.367472811,0.040322741,0.051284121,0.010961380,contextual_s_tau_rule_post_audit_candidate_not_validation
NGC2403,A,2.88,0.137997,0.510248,0.431732727,1.040000000,base_1p00;high_acc_plus_0p02;inner_plus_0p02,102.581672737,103.734323792,0.034529847,0.045703610,0.011173763,contextual_s_tau_rule_post_audit_candidate_not_validation
NGC2403,A,2.98,0.142789,0.490706,0.409418307,1.040000000,base_1p00;high_acc_plus_0p02;inner_plus_0p02,103.019157463,104.196556221,0.029744780,0.041108893,0.011364113,contextual_s_tau_rule_post_audit_candidate_not_validation
NGC2403,A,3.08,0.14758,0.475208,0.393570370,1.040000000,base_1p00;high_acc_plus_0p02;inner_plus_0p02,103.639857421,104.840737294,0.015949167,0.027469598,0.011520431,contextual_s_tau_rule_post_audit_candidate_not_validation
NGC2403,A,3.19,0.152851,0.459644,0.365303973,1.040000000,base_1p00;high_acc_plus_0p02;inner_plus_0p02,104.334701069,105.560736225,0.032483494,0.044165969,0.011682475,contextual_s_tau_rule_post_audit_candidate_not_validation
NGC2403,A,3.29,0.157643,0.449888,0.361222313,1.040000000,base_1p00;high_acc_plus_0p02;inner_plus_0p02,105.219941913,106.467482411,0.040932327,0.052719092,0.011786765,contextual_s_tau_rule_post_audit_candidate_not_validation
NGC2403,A,3.39,0.162434,0.441887,0.343023263,1.040000000,base_1p00;high_acc_plus_0p02;inner_plus_0p02,106.185743768,107.454100186,0.030460872,0.042334793,0.011873921,contextual_s_tau_rule_post_audit_candidate_not_validation
NGC2403,A,3.49,0.167226,0.433714,0.325458326,1.040000000,base_1p00;high_acc_plus_0p02;inner_plus_0p02,107.089468770,108.378437883,0.000835807,0.012800322,0.011964515,contextual_s_tau_rule_post_audit_candidate_not_validation
NGC2403,A,3.59,0.172017,0.423408,0.321958673,1.040000000,base_1p00;high_acc_plus_0p02;inner_plus_0p02,107.769431003,109.079298821,0.020486319,0.008405236,-0.012081083,contextual_s_tau_rule_post_audit_candidate_not_validation
NGC2403,A,3.69,0.176809,0.416225,0.309186978,1.040000000,base_1p00;high_acc_plus_0p02;inner_plus_0p02,108.656491313,109.986251060,0.030307421,0.018143504,-0.012163917,contextual_s_tau_rule_post_audit_candidate_not_validation
NGC2403,A,3.79,0.1816,0.406662,0.295772101,1.040000000,base_1p00;high_acc_plus_0p02;inner_plus_0p02,109.294349679,110.644349340,0.042153750,0.029877451,-0.012276299,contextual_s_tau_rule_post_audit_candidate_not_validation
NGC2403,A,3.9,0.186871,0.394391,0.318120199,1.040000000,base_1p00;high_acc_plus_0p02;inner_plus_0p02,109.777945521,111.150352120,0.072224976,0.059800816,-0.012424160,contextual_s_tau_rule_post_audit_candidate_not_validation
NGC2403,A,3.99,0.191184,0.384286,0.321040834,1.040000000,base_1p00;high_acc_plus_0p02;inner_plus_0p02,110.112491219,111.503015699,0.069182134,0.056632987,-0.012549147,contextual_s_tau_rule_post_audit_candidate_not_validation
NGC2403,A,4.47,0.214183,0.33898,0.375216169,1.040000000,base_1p00;high_acc_plus_0p02;inner_plus_0p02,111.947417670,113.429143901,0.052655349,0.039506265,-0.013149084,contextual_s_tau_rule_post_audit_candidate_not_validation
NGC2403,A,4.97,0.238141,0.29798,0.364675000,1.020000000,base_1p00;inner_plus_0p02,113.281520970,114.066108797,0.065914489,0.059012364,-0.006902125,contextual_s_tau_rule_post_audit_candidate_not_validation
NGC2403,A,5.47,0.262099,0.26269,0.319985678,1.020000000,base_1p00;inner_plus_0p02,114.170470215,114.995026906,0.082588881,0.075392682,-0.007196199,contextual_s_tau_rule_post_audit_candidate_not_validation
NGC2403,A,5.96,0.285577,0.230862,0.309609109,1.020000000,base_1p00;inner_plus_0p02,114.384348748,115.244474383,0.088749479,0.081258001,-0.007491478,contextual_s_tau_rule_post_audit_candidate_not_validation
NGC2403,A,6.46,0.309535,0.203514,0.286400403,1.020000000,base_1p00;inner_plus_0p02,114.412792901,115.305614060,0.096469008,0.088695790,-0.007773218,contextual_s_tau_rule_post_audit_candidate_not_validation
NGC2403,A,6.96,0.333493,0.183011,0.280961947,1.000000000,base_1p00,114.817514769,114.817514769,0.092937867,0.092937867,0.000000000,contextual_s_tau_rule_post_audit_candidate_not_validation
NGC2403,A,7.45,0.356972,0.166195,0.243910110,1.030000000,base_1p00;low_stress_plus_0p03,115.202155029,116.626916091,0.089593452,0.077301818,-0.012291634,contextual_s_tau_rule_post_audit_candidate_not_validation
NGC2403,A,7.95,0.38093,0.151756,0.216052821,1.030000000,base_1p00;low_stress_plus_0p03,115.605134432,117.068154254,0.086101536,0.073525627,-0.012575909,contextual_s_tau_rule_post_audit_candidate_not_validation
NGC2403,A,8.45,0.404887,0.140403,0.218554939,1.030000000,base_1p00;low_stress_plus_0p03,116.259235198,117.758613567,0.088364603,0.075550205,-0.012814398,contextual_s_tau_rule_post_audit_candidate_not_validation
NGC2403,A,8.94,0.428366,0.131174,0.211708254,1.030000000,base_1p00;low_stress_plus_0p03,117.005697525,118.538992518,0.089807634,0.076788307,-0.013019327,contextual_s_tau_rule_post_audit_candidate_not_validation
NGC2403,A,9.44,0.452324,0.122839,0.204854186,1.030000000,base_1p00;low_stress_plus_0p03,117.725001753,119.290940794,0.083678853,0.070464874,-0.013213979,contextual_s_tau_rule_post_audit_candidate_not_validation
NGC2403,A,9.94,0.476282,0.115006,0.178812178,1.030000000,base_1p00;low_stress_plus_0p03,118.266477415,119.862651103,0.071246725,0.057840573,-0.013406152,contextual_s_tau_rule_post_audit_candidate_not_validation
NGC2403,A,10.43,0.49976,0.109218,0.165470365,1.030000000,base_1p00;low_stress_plus_0p03,119.144422784,120.770362826,0.063850692,0.050296172,-0.013554520,contextual_s_tau_rule_post_audit_candidate_not_validation
NGC2403,A,10.93,0.523718,0.103577,0.149951205,1.030000000,base_1p00;low_stress_plus_0p03,119.892407852,121.546825495,0.065435525,0.051730680,-0.013704845,contextual_s_tau_rule_post_audit_candidate_not_validation
NGC2403,A,11.43,0.547676,0.0980472,0.136603775,1.070000000,base_1p00;low_acc_plus_0p04;low_stress_plus_0p03,120.442278181,124.363985219,0.076363832,0.044321820,-0.032042012,contextual_s_tau_rule_post_audit_candidate_not_validation
NGC2403,A,11.92,0.571155,0.0925759,0.130575590,1.070000000,base_1p00;low_acc_plus_0p04;low_stress_plus_0p03,120.722269597,124.698260180,0.074041836,0.041637550,-0.032404286,contextual_s_tau_rule_post_audit_candidate_not_validation
NGC2403,A,12.42,0.595113,0.0878556,0.129466453,1.070000000,base_1p00;low_acc_plus_0p04;low_stress_plus_0p03,121.143920461,125.174513680,0.085822658,0.053093050,-0.032729608,contextual_s_tau_rule_post_audit_candidate_not_validation
NGC2403,A,12.92,0.61907,0.0832886,0.118291938,1.070000000,base_1p00;low_acc_plus_0p04;low_stress_plus_0p03,121.421558375,125.502433164,0.091080684,0.058023982,-0.033056702,contextual_s_tau_rule_post_audit_candidate_not_validation
NGC2403,A,13.42,0.643028,0.0782643,0.115192992,1.070000000,base_1p00;low_acc_plus_0p04;low_stress_plus_0p03,121.250677027,125.372844063,0.092489015,0.059057078,-0.033431937,contextual_s_tau_rule_post_audit_candidate_not_validation
NGC2403,A,13.91,0.666507,0.0733586,0.109968108,1.070000000,base_1p00;low_acc_plus_0p04;low_stress_plus_0p03,120.844494810,125.000791780,0.095844576,0.062029057,-0.033815519,contextual_s_tau_rule_post_audit_candidate_not_validation
NGC2403,A,14.41,0.690465,0.0690836,0.107258927,1.100000000,base_1p00;low_acc_plus_0p04;outer_plus_0p03;low_stress_plus_0p03,120.584689765,126.571808233,0.097996803,0.049539327,-0.048457476,contextual_s_tau_rule_post_audit_candidate_not_validation
NGC2403,A,14.91,0.714423,0.0652084,0.099787040,1.100000000,base_1p00;low_acc_plus_0p04;outer_plus_0p03;low_stress_plus_0p03,120.337540346,126.371222006,0.107539170,0.058616018,-0.048923152,contextual_s_tau_rule_post_audit_candidate_not_validation
NGC2403,A,15.4,0.737901,0.0615487,0.094436229,1.100000000,base_1p00;low_acc_plus_0p04;outer_plus_0p03;low_stress_plus_0p03,119.975909974,126.049220931,0.110548828,0.061167327,-0.049381501,contextual_s_tau_rule_post_audit_candidate_not_validation
NGC2403,A,15.9,0.761859,0.057984,0.091033119,1.100000000,base_1p00;low_acc_plus_0p04;outer_plus_0p03;low_stress_plus_0p03,119.509330675,125.617495863,0.106954679,0.057107586,-0.049847093,contextual_s_tau_rule_post_audit_candidate_not_validation
NGC2403,A,16.4,0.785817,0.0546002,0.085565983,1.100000000,base_1p00;low_acc_plus_0p04;outer_plus_0p03;low_stress_plus_0p03,118.959120074,125.096855808,0.119059895,0.068751516,-0.050308379,contextual_s_tau_rule_post_audit_candidate_not_validation
NGC2403,A,16.89,0.809296,0.0512086,0.087460695,1.100000000,base_1p00;low_acc_plus_0p04;outer_plus_0p03;low_stress_plus_0p03,118.154474109,124.310758994,0.125846929,0.075055249,-0.050791680,contextual_s_tau_rule_post_audit_candidate_not_validation
NGC2403,A,17.39,0.833253,0.0481647,0.081772292,1.100000000,base_1p00;low_acc_plus_0p04;outer_plus_0p03;low_stress_plus_0p03,117.443208235,123.618494178,0.146700003,0.095454723,-0.051245280,contextual_s_tau_rule_post_audit_candidate_not_validation
NGC2403,A,17.89,0.857211,0.0452138,0.080041542,1.100000000,base_1p00;low_acc_plus_0p04;outer_plus_0p03;low_stress_plus_0p03,116.602985792,122.790524830,0.153880005,0.102175032,-0.051704973,contextual_s_tau_rule_post_audit_candidate_not_validation
NGC2403,A,18.38,0.88069,0.0425389,0.075975862,1.100000000,base_1p00;low_acc_plus_0p04;outer_plus_0p03;low_stress_plus_0p03,115.771292335,121.967810358,0.153658151,0.101517618,-0.052140533,contextual_s_tau_rule_post_audit_candidate_not_validation
NGC2403,A,18.88,0.904648,0.0399928,0.074585407,1.100000000,base_1p00;low_acc_plus_0p04;outer_plus_0p03;low_stress_plus_0p03,114.898074931,121.100294411,0.146303698,0.093730047,-0.052573651,contextual_s_tau_rule_post_audit_candidate_not_validation
NGC2403,A,19.38,0.928606,0.0380583,0.077715516,1.100000000,base_1p00;low_acc_plus_0p04;outer_plus_0p03;low_stress_plus_0p03,114.456981170,120.676704641,0.157640758,0.104724693,-0.052916065,contextual_s_tau_rule_post_audit_candidate_not_validation
NGC2403,A,19.87,0.952084,0.0367133,0.072611337,1.100000000,base_1p00;low_acc_plus_0p04;outer_plus_0p03;low_stress_plus_0p03,114.477592298,120.728065553,0.172275782,0.119114261,-0.053161521,contextual_s_tau_rule_post_audit_candidate_not_validation
NGC2403,A,20.37,0.976042,0.035421,0.066441830,1.100000000,base_1p00;low_acc_plus_0p04;outer_plus_0p03;low_stress_plus_0p03,114.494218103,120.774817900,0.164750454,0.111346976,-0.053403478,contextual_s_tau_rule_post_audit_candidate_not_validation
NGC2403,A,20.87,1,0.0342432,0.066620603,1.100000000,base_1p00;low_acc_plus_0p04;outer_plus_0p03;low_stress_plus_0p03,114.553089054,120.864238796,0.156801425,0.103171878,-0.053629547,contextual_s_tau_rule_post_audit_candidate_not_validation
NGC2976,C,0.11,0.0484581,0.17894,3.538610395,0.940000000,base_1p00;inner_plus_0p02;very_high_stress_minus_0p08,14.331530394,13.983870627,0.745539420,0.720981955,-0.024557465,contextual_s_tau_rule_post_audit_candidate_not_validation
NGC2976,C,0.17,0.0748899,0.194279,3.538610395,0.940000000,base_1p00;inner_plus_0p02;very_high_stress_minus_0p08,18.288412992,17.854629003,0.654975891,0.630971004,-0.024004887,contextual_s_tau_rule_post_audit_candidate_not_validation
NGC2976,C,0.24,0.105727,0.221246,1.444171362,0.980000000,base_1p00;inner_plus_0p02;high_stress_minus_0p04,22.645600711,22.473128423,0.480908274,0.473262974,-0.007645300,contextual_s_tau_rule_post_audit_candidate_not_validation
NGC2976,C,0.31,0.136564,0.240115,1.291040375,0.980000000,base_1p00;inner_plus_0p02;high_stress_minus_0p04,26.414565120,26.218310532,0.288233629,0.280776104,-0.007457525,contextual_s_tau_rule_post_audit_candidate_not_validation
NGC2976,C,0.38,0.167401,0.252923,1.067359700,0.980000000,base_1p00;inner_plus_0p02;high_stress_minus_0p04,29.731934072,29.514591322,0.130286375,0.122949448,-0.007336927,contextual_s_tau_rule_post_audit_candidate_not_validation
NGC2976,C,0.45,0.198238,0.265058,1.081316091,0.980000000,base_1p00;inner_plus_0p02;high_stress_minus_0p04,32.840119062,32.603629088,0.134753787,0.127526481,-0.007227306,contextual_s_tau_rule_post_audit_candidate_not_validation
NGC2976,C,0.52,0.229075,0.279408,1.188489947,0.980000000,base_1p00;inner_plus_0p02;high_stress_minus_0p04,35.899046476,35.644957624,0.223813612,0.216710573,-0.007103039,contextual_s_tau_rule_post_audit_candidate_not_validation
NGC2976,C,0.59,0.259912,0.295025,1.274017267,0.980000000,base_1p00;inner_plus_0p02;high_stress_minus_0p04,38.906997570,38.636609172,0.204857440,0.197883570,-0.006973870,contextual_s_tau_rule_post_audit_candidate_not_validation
NGC2976,C,0.66,0.290749,0.309738,1.131048394,1.000000000,base_1p00;high_acc_plus_0p02;inner_plus_0p02;high_stress_minus_0p04,41.793822575,41.793822575,0.163215847,0.163215847,-0.000000000,contextual_s_tau_rule_post_audit_candidate_not_validation
NGC2976,C,0.73,0.321586,0.323576,0.901213429,1.040000000,base_1p00;high_acc_plus_0p02;inner_plus_0p02,44.572019958,45.171926403,0.123340491,0.136709980,0.013369489,contextual_s_tau_rule_post_audit_candidate_not_validation
NGC2976,C,0.8,0.352423,0.336432,0.556863514,1.020000000,base_1p00;high_acc_plus_0p02,47.245079798,47.558603472,0.096476691,0.103090882,0.006614191,contextual_s_tau_rule_post_audit_candidate_not_validation
NGC2976,C,0.87,0.38326,0.349447,0.803178512,1.020000000,base_1p00;high_acc_plus_0p02,49.871293741,50.197682896,0.080804165,0.087327472,0.006523307,contextual_s_tau_rule_post_audit_candidate_not_validation
NGC2976,C,0.94,0.414097,0.366279,0.782817867,1.020000000,base_1p00;high_acc_plus_0p02,52.627226152,52.965659423,0.069374558,0.075784733,0.006410175,contextual_s_tau_rule_post_audit_candidate_not_validation
NGC2976,C,1.01,0.444934,0.392188,0.757461018,1.020000000,base_1p00;high_acc_plus_0p02,55.764672715,56.114010322,0.125246940,0.131491896,0.006244956,contextual_s_tau_rule_post_audit_candidate_not_validation
NGC2976,C,1.08,0.475771,0.421425,0.729353277,1.020000000,base_1p00;high_acc_plus_0p02,59.020054390,59.379408792,0.138239119,0.144309340,0.006070221,contextual_s_tau_rule_post_audit_candidate_not_validation
NGC2976,C,1.14,0.502203,0.446201,0.683220771,1.020000000,base_1p00;high_acc_plus_0p02,61.771803338,62.139251525,0.076893105,0.082823961,0.005930856,contextual_s_tau_rule_post_audit_candidate_not_validation
NGC2976,C,1.21,0.53304,0.481772,0.721702278,1.020000000,base_1p00;high_acc_plus_0p02,65.251596626,65.627428548,0.022497325,0.028240536,0.005743211,contextual_s_tau_rule_post_audit_candidate_not_validation
NGC2976,C,1.29,0.568282,0.521934,0.782920950,1.020000000,base_1p00;high_acc_plus_0p02,69.167696421,69.552433937,0.019971744,0.025518718,0.005546974,contextual_s_tau_rule_post_audit_candidate_not_validation
NGC2976,C,1.35,0.594714,0.551881,0.602744465,1.020000000,base_1p00;high_acc_plus_0p02,72.073101959,72.464089286,0.032046899,0.037457109,0.005410210,contextual_s_tau_rule_post_audit_candidate_not_validation
NGC2976,C,1.42,0.625551,0.580469,0.569950038,1.020000000,base_1p00;high_acc_plus_0p02,75.166950329,75.565372823,0.047220896,0.052507399,0.005286503,contextual_s_tau_rule_post_audit_candidate_not_validation
NGC2976,C,1.49,0.656388,0.606142,0.590801589,1.020000000,base_1p00;high_acc_plus_0p02,78.116162503,78.521904394,0.052781449,0.057962090,0.005180641,contextual_s_tau_rule_post_audit_candidate_not_validation
NGC2976,C,1.56,0.687225,0.629259,0.533650086,1.050000000,base_1p00;high_acc_plus_0p02;outer_plus_0p03,80.937746455,81.970151152,0.053778589,0.066453462,0.012674873,contextual_s_tau_rule_post_audit_candidate_not_validation
NGC2976,C,1.63,0.718062,0.640708,0.546224485,1.050000000,base_1p00;high_acc_plus_0p02;outer_plus_0p03,83.236150042,84.288676860,0.040905896,0.053471684,0.012565788,contextual_s_tau_rule_post_audit_candidate_not_validation
NGC2976,C,1.74,0.76652,0.639873,0.465045651,1.050000000,base_1p00;high_acc_plus_0p02;outer_plus_0p03,85.961198272,87.048869989,0.027852491,0.040426165,0.012573674,contextual_s_tau_rule_post_audit_candidate_not_validation
NGC2976,C,1.93,0.85022,0.552641,0.434925360,1.050000000,base_1p00;high_acc_plus_0p02;outer_plus_0p03,86.214959506,87.383491384,0.027218093,0.040680766,0.013462673,contextual_s_tau_rule_post_audit_candidate_not_validation
NGC2976,C,2.1,0.92511,0.480937,0.467053297,1.050000000,base_1p00;high_acc_plus_0p02;outer_plus_0p03,85.913571489,87.151587844,0.031918081,0.017610898,-0.014307183,contextual_s_tau_rule_post_audit_candidate_not_validation
NGC2976,C,2.27,1,0.428763,0.446137633,1.050000000,base_1p00;high_acc_plus_0p02;outer_plus_0p03,86.045868431,87.346528839,0.008706053,0.023708843,0.015002790,contextual_s_tau_rule_post_audit_candidate_not_validation
NGC3198,A,0.32,0.00725953,1.68975,2.502491513,0.960000000,base_1p00;high_acc_plus_0p02;inner_plus_0p02;very_high_stress_minus_0p08,52.234018427,51.934486374,0.761150844,0.755399915,-0.005750929,contextual_s_tau_rule_post_audit_candidate_not_validation
NGC3198,A,0.64,0.0145191,1.14478,2.502491513,0.960000000,base_1p00;high_acc_plus_0p02;inner_plus_0p02;very_high_stress_minus_0p08,63.857681407,63.386793571,0.388504244,0.381102901,-0.007401343,contextual_s_tau_rule_post_audit_candidate_not_validation
NGC3198,A,0.96,0.0217786,0.877407,1.606997009,1.000000000,base_1p00;high_acc_plus_0p02;inner_plus_0p02;high_stress_minus_0p04,71.140701697,71.140701697,0.446947304,0.446947304,0.000000000,contextual_s_tau_rule_post_audit_candidate_not_validation
NGC3198,A,1.28,0.0290381,0.721531,1.170069535,1.000000000,base_1p00;high_acc_plus_0p02;inner_plus_0p02;high_stress_minus_0p04,76.785783166,76.785783166,0.271992754,0.271992754,-0.000000000,contextual_s_tau_rule_post_audit_candidate_not_validation
NGC3198,A,1.61,0.0365245,0.594902,0.881996879,1.040000000,base_1p00;high_acc_plus_0p02;inner_plus_0p02,80.695219852,81.540919765,0.159475595,0.169901232,0.010425637,contextual_s_tau_rule_post_audit_candidate_not_validation
NGC3198,A,1.93,0.043784,0.483965,0.881996879,1.040000000,base_1p00;high_acc_plus_0p02;inner_plus_0p02,82.532005968,83.480884217,0.070680293,0.082111798,0.011431505,contextual_s_tau_rule_post_audit_candidate_not_validation
NGC3198,A,2.24,0.0508167,0.45667,0.852500824,1.040000000,base_1p00;high_acc_plus_0p02;inner_plus_0p02,87.244711056,88.272708313,0.061997694,0.073711733,0.011714039,contextual_s_tau_rule_post_audit_candidate_not_validation
NGC3198,A,2.57,0.0583031,0.415248,0.876681765,1.040000000,base_1p00;high_acc_plus_0p02;inner_plus_0p02,90.610486391,91.720438412,0.041811918,0.053987206,0.012175288,contextual_s_tau_rule_post_audit_candidate_not_validation
NGC3198,A,2.89,0.0655626,0.369744,0.769817441,1.040000000,base_1p00;high_acc_plus_0p02;inner_plus_0p02,92.556966913,93.743161235,0.053053180,0.040318778,-0.012734402,contextual_s_tau_rule_post_audit_candidate_not_validation
NGC3198,A,3.21,0.0728221,0.370086,0.769817441,1.040000000,base_1p00;high_acc_plus_0p02;inner_plus_0p02,97.575814938,98.825891916,0.024540521,0.011810552,-0.012729969,contextual_s_tau_rule_post_audit_candidate_not_validation
NGC3198,A,3.54,0.0803085,0.3908,0.821380502,1.040000000,base_1p00;high_acc_plus_0p02;inner_plus_0p02,104.280666799,105.589002037,0.025742851,0.013274616,-0.012468235,contextual_s_tau_rule_post_audit_candidate_not_validation
NGC3198,A,3.85,0.0873412,0.41313,0.803746727,1.040000000,base_1p00;high_acc_plus_0p02;inner_plus_0p02,110.719483549,112.078537157,0.020387991,0.008187969,-0.012200022,contextual_s_tau_rule_post_audit_candidate_not_validation
NGC3198,A,4.17,0.0946007,0.432207,0.903928601,1.040000000,base_1p00;high_acc_plus_0p02;inner_plus_0p02,116.926169979,118.335534921,0.000631225,0.011350171,0.010718946,contextual_s_tau_rule_post_audit_candidate_not_validation
NGC3198,A,4.5,0.102087,0.43635,0.869383739,1.040000000,base_1p00;high_acc_plus_0p02;inner_plus_0p02,121.841302254,123.304205465,0.023595904,0.035531024,0.011935120,contextual_s_tau_rule_post_audit_candidate_not_validation
NGC3198,A,4.82,0.109347,0.441883,0.733764026,1.040000000,base_1p00;high_acc_plus_0p02;inner_plus_0p02,126.615986825,128.128381915,0.003028306,0.008845659,0.005817353,contextual_s_tau_rule_post_audit_candidate_not_validation
NGC3198,A,5.15,0.116833,0.440936,0.733764026,1.040000000,base_1p00;high_acc_plus_0p02;inner_plus_0p02,130.787456248,132.351056920,0.009228388,0.002655992,-0.006572396,contextual_s_tau_rule_post_audit_candidate_not_validation
NGC3198,A,5.46,0.123866,0.440994,0.720296019,1.040000000,base_1p00;high_acc_plus_0p02;inner_plus_0p02,134.671983219,136.281937481,0.005002268,0.016886010,0.011883742,contextual_s_tau_rule_post_audit_candidate_not_validation
NGC3198,A,5.78,0.131125,0.438195,0.659970906,1.040000000,base_1p00;high_acc_plus_0p02;inner_plus_0p02,138.276009817,139.933373434,0.009270833,0.021185479,0.011914646,contextual_s_tau_rule_post_audit_candidate_not_validation
NGC3198,A,6.1,0.138385,0.434188,0.626596121,1.040000000,base_1p00;high_acc_plus_0p02;inner_plus_0p02,141.629203723,143.333146678,0.011569978,0.023529195,0.011959217,contextual_s_tau_rule_post_audit_candidate_not_validation
NGC3198,A,6.43,0.145871,0.427286,0.633824922,1.040000000,base_1p00;high_acc_plus_0p02;inner_plus_0p02,144.656018964,146.407751901,0.018531583,0.030568493,0.012036910,contextual_s_tau_rule_post_audit_candidate_not_validation
NGC3198,A,6.74,0.152904,0.411349,0.633824922,1.040000000,base_1p00;high_acc_plus_0p02;inner_plus_0p02,146.290795246,148.089571450,0.015783089,0.028004004,0.012220915,contextual_s_tau_rule_post_audit_candidate_not_validation
NGC3198,A,7.06,0.160163,0.386265,0.607081035,1.040000000,base_1p00;high_acc_plus_0p02;inner_plus_0p02,146.713742543,148.562803979,0.004876737,0.017401170,0.012524433,contextual_s_tau_rule_post_audit_candidate_not_validation
NGC3198,A,8.04,0.182396,0.318205,0.546010836,1.040000000,base_1p00;high_acc_plus_0p02;inner_plus_0p02,147.131979150,149.124051247,0.000897415,0.014345931,0.013448516,contextual_s_tau_rule_post_audit_candidate_not_validation
NGC3198,A,9.04,0.205082,0.267502,0.474796100,1.020000000,base_1p00;inner_plus_0p02,147.621769114,148.681670433,0.002558885,0.004595307,0.002036422,contextual_s_tau_rule_post_audit_candidate_not_validation
NGC3198,A,10.04,0.227768,0.235784,0.434146708,1.020000000,base_1p00;inner_plus_0p02,149.458045467,150.574716334,0.016864800,0.009421106,-0.007443694,contextual_s_tau_rule_post_audit_candidate_not_validation
NGC3198,A,11.04,0.250454,0.214192,0.441634193,1.020000000,base_1p00;inner_plus_0p02,152.017952424,153.186844577,0.019426495,0.011766734,-0.007659761,contextual_s_tau_rule_post_audit_candidate_not_validation
NGC3198,A,12.05,0.273367,0.195357,0.356287611,1.020000000,base_1p00;inner_plus_0p02,154.244096707,155.461722654,0.011319616,0.003456462,-0.007863154,contextual_s_tau_rule_post_audit_candidate_not_validation
NGC3198,A,14.05,0.318739,0.156946,0.286078564,1.020000000,base_1p00;inner_plus_0p02,155.343368246,156.643023659,0.010607860,0.002276324,-0.008331536,contextual_s_tau_rule_post_audit_candidate_not_validation
NGC3198,A,16.07,0.364564,0.120713,0.225762266,1.030000000,base_1p00;low_stress_plus_0p03,152.739469349,154.779088545,0.001704266,0.011560944,0.009856678,contextual_s_tau_rule_post_audit_candidate_not_validation
NGC3198,A,18.13,0.411298,0.0973667,0.242881858,1.070000000,base_1p00;low_acc_plus_0p04;low_stress_plus_0p03,151.346627677,156.281521443,0.010865168,0.021221084,0.010355916,contextual_s_tau_rule_post_audit_candidate_not_validation
NGC3198,A,20.05,0.454855,0.0839546,0.202541826,1.070000000,base_1p00;low_acc_plus_0p04;low_stress_plus_0p03,151.653824327,156.743177857,0.015352150,0.017656054,0.002303904,contextual_s_tau_rule_post_audit_candidate_not_validation
NGC3198,A,22.12,0.501815,0.0716193,0.214610214,1.070000000,base_1p00;low_acc_plus_0p04;low_stress_plus_0p03,151.189277838,156.411211247,0.011905374,0.022050587,0.010145213,contextual_s_tau_rule_post_audit_candidate_not_validation
NGC3198,A,24.03,0.545145,0.0621705,0.194488906,1.070000000,base_1p00;low_acc_plus_0p04;low_stress_plus_0p03,150.370269151,155.689842592,0.002465419,0.037230546,0.034765127,contextual_s_tau_rule_post_audit_candidate_not_validation
NGC3198,A,26.1,0.592105,0.0551277,0.189017529,1.070000000,base_1p00;low_acc_plus_0p04;low_stress_plus_0p03,150.554414483,155.983833132,0.010378271,0.045806062,0.035427791,contextual_s_tau_rule_post_audit_candidate_not_validation
NGC3198,A,28.16,0.638838,0.0497482,0.179883962,1.070000000,base_1p00;low_acc_plus_0p04;low_stress_plus_0p03,151.086878049,156.621350790,0.020642749,0.056618840,0.035976091,contextual_s_tau_rule_post_audit_candidate_not_validation
NGC3198,A,30.08,0.682396,0.0443929,0.169712260,1.100000000,base_1p00;low_acc_plus_0p04;outer_plus_0p03;low_stress_plus_0p03,150.262209268,158.256711664,0.028775208,0.080611850,0.051836642,contextual_s_tau_rule_post_audit_candidate_not_validation
NGC3198,A,32.14,0.729129,0.0392396,0.162388316,1.100000000,base_1p00;low_acc_plus_0p04;outer_plus_0p03;low_stress_plus_0p03,148.942972332,157.003646771,0.013130910,0.065836446,0.052705536,contextual_s_tau_rule_post_audit_candidate_not_validation
NGC3198,A,34.06,0.772686,0.0358558,0.151122655,1.100000000,base_1p00;low_acc_plus_0p04;outer_plus_0p03;low_stress_plus_0p03,148.671377599,156.813896299,0.004526077,0.057847455,0.053321378,contextual_s_tau_rule_post_audit_candidate_not_validation
NGC3198,A,36.12,0.819419,0.0333556,0.150516119,1.100000000,base_1p00;low_acc_plus_0p04;outer_plus_0p03;low_stress_plus_0p03,149.346944028,157.602445216,0.009059809,0.062863419,0.053803610,contextual_s_tau_rule_post_audit_candidate_not_validation
NGC3198,A,38.19,0.866379,0.031134,0.148166431,1.100000000,base_1p00;low_acc_plus_0p04;outer_plus_0p03;low_stress_plus_0p03,149.959752251,158.320460677,0.006420634,0.060674905,0.054254271,contextual_s_tau_rule_post_audit_candidate_not_validation
NGC3198,A,40.1,0.90971,0.0293398,0.135922027,1.100000000,base_1p00;low_acc_plus_0p04;outer_plus_0p03;low_stress_plus_0p03,150.539619352,158.993230387,0.003591007,0.058226331,0.054635324,contextual_s_tau_rule_post_audit_candidate_not_validation
NGC3198,A,42.17,0.95667,0.0280821,0.143922618,1.100000000,base_1p00;low_acc_plus_0p04;outer_plus_0p03;low_stress_plus_0p03,152.046298345,160.629032756,0.013549775,0.068462268,0.054912493,contextual_s_tau_rule_post_audit_candidate_not_validation
NGC3198,A,44.08,1,0.0256574,0.132950076,1.100000000,base_1p00;low_acc_plus_0p04;outer_plus_0p03;low_stress_plus_0p03,150.637533544,159.229970147,0.010930205,0.066403204,0.055472999,contextual_s_tau_rule_post_audit_candidate_not_validation
NGC5055,C,0.72,0.0131892,7.61506,0.840114186,1.040000000,base_1p00;high_acc_plus_0p02;inner_plus_0p02,148.813784667,149.066941672,0.174382020,0.176081741,0.001699721,contextual_s_tau_rule_post_audit_candidate_not_validation
NGC5055,C,1.43,0.0261953,5.44758,0.414187941,1.040000000,base_1p00;high_acc_plus_0p02;inner_plus_0p02,180.142729024,180.554906338,0.106153140,0.108438587,0.002285447,contextual_s_tau_rule_post_audit_candidate_not_validation
NGC5055,C,2.16,0.0395677,4.33508,0.309097386,1.040000000,base_1p00;high_acc_plus_0p02;inner_plus_0p02,200.118712085,200.675263519,0.117127201,0.119904447,0.002777246,contextual_s_tau_rule_post_audit_candidate_not_validation
NGC5055,C,2.87,0.0525737,3.7109,0.269234648,1.040000000,base_1p00;high_acc_plus_0p02;inner_plus_0p02,215.642946583,216.325265738,0.110933826,0.114092946,0.003159120,contextual_s_tau_rule_post_audit_candidate_not_validation
NGC5055,C,3.59,0.065763,2.81261,0.192977907,1.070000000,base_1p00;high_acc_plus_0p02;inner_plus_0p02;low_stress_plus_0p03,214.535841648,216.018117529,0.110981446,0.117866910,0.006885464,contextual_s_tau_rule_post_audit_candidate_not_validation
NGC5055,C,4.3,0.078769,2.32803,0.183504907,1.070000000,base_1p00;high_acc_plus_0p02;inner_plus_0p02;low_stress_plus_0p03,217.296688626,219.030486374,0.134239576,0.142186855,0.007947279,contextual_s_tau_rule_post_audit_candidate_not_validation
NGC5055,C,5.03,0.0921414,2.01528,0.179589327,1.070000000,base_1p00;high_acc_plus_0p02;inner_plus_0p02;low_stress_plus_0p03,221.842540578,223.809760827,0.128968295,0.137796850,0.008828555,contextual_s_tau_rule_post_audit_candidate_not_validation
NGC5055,C,5.75,0.105331,1.80127,0.166707961,1.070000000,base_1p00;high_acc_plus_0p02;inner_plus_0p02;low_stress_plus_0p03,226.966154718,229.145369653,0.121496000,0.131051696,0.009555696,contextual_s_tau_rule_post_audit_candidate_not_validation
NGC5055,C,6.46,0.118337,1.65078,0.156229173,1.070000000,base_1p00;high_acc_plus_0p02;inner_plus_0p02;low_stress_plus_0p03,232.593129420,234.964742895,0.131170708,0.141315479,0.010144771,contextual_s_tau_rule_post_audit_candidate_not_validation
NGC5055,C,7.18,0.131526,1.44774,0.148342087,1.070000000,base_1p00;high_acc_plus_0p02;inner_plus_0p02;low_stress_plus_0p03,233.279421227,235.875791998,0.134116974,0.145185368,0.011068394,contextual_s_tau_rule_post_audit_candidate_not_validation
NGC5055,C,7.91,0.144898,1.28043,0.152167615,1.070000000,base_1p00;high_acc_plus_0p02;inner_plus_0p02;low_stress_plus_0p03,233.894303174,236.710963411,0.126993149,0.138963664,0.011970515,contextual_s_tau_rule_post_audit_candidate_not_validation
NGC5055,C,8.62,0.157904,1.14293,0.134308097,1.070000000,base_1p00;high_acc_plus_0p02;inner_plus_0p02;low_stress_plus_0p03,234.218563195,237.244006623,0.128378541,0.141213007,0.012834466,contextual_s_tau_rule_post_audit_candidate_not_validation
NGC5055,C,11.49,0.210478,0.734473,0.117132850,1.070000000,base_1p00;high_acc_plus_0p02;inner_plus_0p02;low_stress_plus_0p03,231.456621810,235.284534820,0.116516308,0.132919399,0.016403091,contextual_s_tau_rule_post_audit_candidate_not_validation
NGC5055,C,14.3,0.261953,0.517665,0.089679331,1.070000000,base_1p00;high_acc_plus_0p02;inner_plus_0p02;low_stress_plus_0p03,229.669026037,234.156579693,0.108763087,0.128113867,0.019350780,contextual_s_tau_rule_post_audit_candidate_not_validation
NGC5055,C,17.19,0.314893,0.376642,0.081793021,1.070000000,base_1p00;high_acc_plus_0p02;inner_plus_0p02;low_stress_plus_0p03,227.080448566,232.137646789,0.112098375,0.134124522,0.022026147,contextual_s_tau_rule_post_audit_candidate_not_validation
NGC5055,C,20.07,0.36765,0.270651,0.080696463,1.030000000,base_1p00;low_stress_plus_0p03,220.778193767,223.146869219,0.098841183,0.109512794,0.010671611,contextual_s_tau_rule_post_audit_candidate_not_validation
NGC5055,C,22.96,0.42059,0.201132,0.092198144,1.030000000,base_1p00;low_stress_plus_0p03,214.892032221,217.415833199,0.102277567,0.113953643,0.011676076,contextual_s_tau_rule_post_audit_candidate_not_validation
NGC5055,C,25.85,0.47353,0.155512,0.096314769,1.030000000,base_1p00;low_stress_plus_0p03,210.093747943,212.736406137,0.111111887,0.123611907,0.012500020,contextual_s_tau_rule_post_audit_candidate_not_validation
NGC5055,C,28.74,0.52647,0.125878,0.096664702,1.030000000,base_1p00;low_stress_plus_0p03,207.031427143,209.770167858,0.117934846,0.131076735,0.013141889,contextual_s_tau_rule_post_audit_candidate_not_validation
NGC5055,C,31.62,0.579227,0.105095,0.086101620,1.030000000,base_1p00;low_stress_plus_0p03,204.884505229,207.703221046,0.118439744,0.132103552,0.013663808,contextual_s_tau_rule_post_audit_candidate_not_validation
NGC5055,C,34.51,0.632167,0.0901086,0.077851546,1.070000000,base_1p00;low_acc_plus_0p04;low_stress_plus_0p03,203.610516000,210.351873784,0.123252083,0.155824867,0.032572784,contextual_s_tau_rule_post_audit_candidate_not_validation
NGC5055,C,37.4,0.685107,0.0760782,0.080534727,1.100000000,base_1p00;low_acc_plus_0p04;outer_plus_0p03;low_stress_plus_0p03,200.540287314,210.329958930,0.102518130,0.150180499,0.047662369,contextual_s_tau_rule_post_audit_candidate_not_validation
NGC5055,C,40.29,0.738047,0.0667596,0.088727945,1.100000000,base_1p00;low_acc_plus_0p04;outer_plus_0p03;low_stress_plus_0p03,199.362513454,209.318971816,0.102167992,0.150902419,0.048734427,contextual_s_tau_rule_post_audit_candidate_not_validation
NGC5055,C,43.17,0.790804,0.0592474,0.077002389,1.100000000,base_1p00;low_acc_plus_0p04;outer_plus_0p03;low_stress_plus_0p03,198.342398664,208.444875278,0.102609018,0.152288813,0.049679795,contextual_s_tau_rule_post_audit_candidate_not_validation
NGC5055,C,45.92,0.84118,0.0537965,0.075749332,1.100000000,base_1p00;low_acc_plus_0p04;outer_plus_0p03;low_stress_plus_0p03,198.070503338,208.313461216,0.101237239,0.151658165,0.050420926,contextual_s_tau_rule_post_audit_candidate_not_validation
NGC5055,C,48.81,0.89412,0.0481031,0.092498905,1.100000000,base_1p00;low_acc_plus_0p04;outer_plus_0p03;low_stress_plus_0p03,196.673344097,207.016576378,0.094158395,0.145413063,0.051254668,contextual_s_tau_rule_post_audit_candidate_not_validation
NGC5055,C,51.7,0.94706,0.043009,0.075660059,1.100000000,base_1p00;low_acc_plus_0p04;outer_plus_0p03;low_stress_plus_0p03,194.891728979,205.307071346,0.113388869,0.165451468,0.052062599,contextual_s_tau_rule_post_audit_candidate_not_validation
NGC5055,C,54.59,1,0.0381804,0.073706009,1.100000000,base_1p00;low_acc_plus_0p04;outer_plus_0p03;low_stress_plus_0p03,192.308048307,202.753832477,0.111604028,0.164498118,0.052894090,contextual_s_tau_rule_post_audit_candidate_not_validation
NGC7331,A,2.67,0.0735335,6.42222,0.481121432,1.040000000,base_1p00;high_acc_plus_0p02;inner_plus_0p02,265.106262773,265.631358199,0.181968036,0.183946775,0.001978739,contextual_s_tau_rule_post_audit_candidate_not_validation
NGC7331,A,3.21,0.0884054,5.88302,0.372407176,1.040000000,base_1p00;high_acc_plus_0p02;inner_plus_0p02,279.379392438,279.977178070,0.164510546,0.166647952,0.002137406,contextual_s_tau_rule_post_audit_candidate_not_validation
NGC7331,A,3.74,0.103002,5.48732,0.306575406,1.040000000,base_1p00;high_acc_plus_0p02;inner_plus_0p02,292.278866393,292.943411794,0.160255472,0.162526560,0.002271088,contextual_s_tau_rule_post_audit_candidate_not_validation
NGC7331,A,4.27,0.117598,4.81161,0.343548533,1.040000000,base_1p00;high_acc_plus_0p02;inner_plus_0p02,294.569112778,295.319091978,0.164052736,0.166595522,0.002542786,contextual_s_tau_rule_post_audit_candidate_not_validation
NGC7331,A,4.81,0.13247,4.19818,0.381220405,1.040000000,base_1p00;high_acc_plus_0p02;inner_plus_0p02,294.476690461,295.317987545,0.151810362,0.154663211,0.002852849,contextual_s_tau_rule_post_audit_candidate_not_validation
NGC7331,A,5.35,0.147342,3.804,0.335764480,1.040000000,base_1p00;high_acc_plus_0p02;inner_plus_0p02,297.578244074,298.500854466,0.146601111,0.149696710,0.003095599,contextual_s_tau_rule_post_audit_candidate_not_validation
NGC7331,A,5.88,0.161939,3.33194,0.294774092,1.040000000,base_1p00;high_acc_plus_0p02;inner_plus_0p02,294.790243349,295.808201258,0.137187979,0.140635191,0.003447212,contextual_s_tau_rule_post_audit_candidate_not_validation
NGC7331,A,6.41,0.176535,2.96273,0.259608213,1.040000000,base_1p00;high_acc_plus_0p02;inner_plus_0p02,292.943569713,294.054101578,0.130903911,0.134687684,0.003783773,contextual_s_tau_rule_post_audit_candidate_not_validation
NGC7331,A,7.48,0.206004,2.32976,0.249537038,1.070000000,base_1p00;high_acc_plus_0p02;inner_plus_0p02;low_stress_plus_0p03,286.682107907,288.968262271,0.109297879,0.117240778,0.007942899,contextual_s_tau_rule_post_audit_candidate_not_validation
NGC7331,A,8.55,0.235472,1.79829,0.197314687,1.070000000,base_1p00;high_acc_plus_0p02;inner_plus_0p02;low_stress_plus_0p03,276.586292342,279.245003077,0.081259315,0.090825999,0.009566684,contextual_s_tau_rule_post_audit_candidate_not_validation
NGC7331,A,9.62,0.264941,1.47648,0.170235221,1.070000000,base_1p00;high_acc_plus_0p02;inner_plus_0p02;low_stress_plus_0p03,272.031088797,275.019955522,0.092487611,0.103414914,0.010927303,contextual_s_tau_rule_post_audit_candidate_not_validation
NGC7331,A,10.66,0.293583,1.24287,0.206149309,1.070000000,base_1p00;high_acc_plus_0p02;inner_plus_0p02;low_stress_plus_0p03,268.562683408,271.857676036,0.083696008,0.095890343,0.012194335,contextual_s_tau_rule_post_audit_candidate_not_validation
NGC7331,A,11.74,0.323327,1.05307,0.181984126,1.070000000,base_1p00;high_acc_plus_0p02;inner_plus_0p02;low_stress_plus_0p03,265.382198645,268.981873042,0.075839510,0.089312455,0.013472945,contextual_s_tau_rule_post_audit_candidate_not_validation
NGC7331,A,12.83,0.353346,0.916963,0.206033689,1.050000000,base_1p00;high_acc_plus_0p02;low_stress_plus_0p03,264.124548816,266.894988645,0.079252542,0.089687055,0.010434513,contextual_s_tau_rule_post_audit_candidate_not_validation
NGC7331,A,13.91,0.38309,0.804172,0.184969117,1.050000000,base_1p00;high_acc_plus_0p02;low_stress_plus_0p03,262.721130094,265.681263340,0.082155402,0.093359606,0.011204204,contextual_s_tau_rule_post_audit_candidate_not_validation
NGC7331,A,15,0.413109,0.705618,0.196123374,1.050000000,base_1p00;high_acc_plus_0p02;low_stress_plus_0p03,260.871011666,264.016130906,0.091755403,0.103739530,0.011984127,contextual_s_tau_rule_post_audit_candidate_not_validation
NGC7331,A,16.08,0.442853,0.626504,0.159442206,1.050000000,base_1p00;high_acc_plus_0p02;low_stress_plus_0p03,259.473418184,262.790121889,0.094822458,0.107523893,0.012701435,contextual_s_tau_rule_post_audit_candidate_not_validation
NGC7331,A,17.07,0.470118,0.569269,0.162251854,1.050000000,base_1p00;high_acc_plus_0p02;low_stress_plus_0p03,258.933362048,262.395599820,0.105532286,0.118814834,0.013282548,contextual_s_tau_rule_post_audit_candidate_not_validation
NGC7331,A,18.15,0.499862,0.521799,0.117993800,1.050000000,base_1p00;high_acc_plus_0p02;low_stress_plus_0p03,259.423600897,263.031550861,0.103141135,0.116952875,0.013811740,contextual_s_tau_rule_post_audit_candidate_not_validation
NGC7331,A,19.24,0.529882,0.483306,0.131761912,1.050000000,base_1p00;high_acc_plus_0p02;low_stress_plus_0p03,260.466873776,264.212324873,0.098643884,0.112921236,0.014277352,contextual_s_tau_rule_post_audit_candidate_not_validation
NGC7331,A,20.32,0.559625,0.446102,0.112895325,1.050000000,base_1p00;high_acc_plus_0p02;low_stress_plus_0p03,260.776463330,264.654876193,0.095603437,0.110366482,0.014763045,contextual_s_tau_rule_post_audit_candidate_not_validation
NGC7331,A,21.41,0.589645,0.405491,0.095697818,1.050000000,base_1p00;high_acc_plus_0p02;low_stress_plus_0p03,259.526644750,263.538298740,0.086588701,0.101928030,0.015339329,contextual_s_tau_rule_post_audit_candidate_not_validation
NGC7331,A,22.49,0.619389,0.369949,0.099967540,1.050000000,base_1p00;high_acc_plus_0p02;low_stress_plus_0p03,258.245168570,262.381332380,0.073270476,0.089159989,0.015889513,contextual_s_tau_rule_post_audit_candidate_not_validation
NGC7331,A,23.48,0.646654,0.342322,0.066447765,1.050000000,base_1p00;high_acc_plus_0p02;low_stress_plus_0p03,257.379296418,261.622403868,0.078280185,0.094631584,0.016351399,contextual_s_tau_rule_post_audit_candidate_not_validation
NGC7331,A,24.57,0.676673,0.311752,0.090472584,1.080000000,base_1p00;high_acc_plus_0p02;outer_plus_0p03;low_stress_plus_0p03,255.529580571,262.498982533,0.075278037,0.102187065,0.026909028,contextual_s_tau_rule_post_audit_candidate_not_validation
NGC7331,A,25.65,0.706417,0.285705,0.097487922,1.060000000,base_1p00;outer_plus_0p03;low_stress_plus_0p03,253.925218957,259.277020886,0.073208005,0.094065264,0.020857259,contextual_s_tau_rule_post_audit_candidate_not_validation
NGC7331,A,26.74,0.736436,0.263195,0.084602216,1.060000000,base_1p00;outer_plus_0p03;low_stress_plus_0p03,252.583990246,258.053203723,0.059473154,0.080895106,0.021421952,contextual_s_tau_rule_post_audit_candidate_not_validation
NGC7331,A,27.82,0.76618,0.242469,0.097816979,1.060000000,base_1p00;outer_plus_0p03;low_stress_plus_0p03,251.007445324,256.585377836,0.049019049,0.070997914,0.021978865,contextual_s_tau_rule_post_audit_candidate_not_validation
NGC7331,A,28.91,0.796199,0.222985,0.113225769,1.060000000,base_1p00;outer_plus_0p03;low_stress_plus_0p03,249.161976977,254.841703941,0.041639643,0.064179032,0.022539389,contextual_s_tau_rule_post_audit_candidate_not_validation
NGC7331,A,29.89,0.823189,0.206912,0.106496444,1.060000000,base_1p00;outer_plus_0p03;low_stress_plus_0p03,247.403160498,253.167611028,0.026222301,0.049254830,0.023032529,contextual_s_tau_rule_post_audit_candidate_not_validation
NGC7331,A,30.98,0.853208,0.190961,0.104679570,1.060000000,base_1p00;outer_plus_0p03;low_stress_plus_0p03,245.535888271,251.387690994,0.039611316,0.063164528,0.023553212,contextual_s_tau_rule_post_audit_candidate_not_validation
NGC7331,A,32.06,0.882952,0.177608,0.100218947,1.060000000,base_1p00;outer_plus_0p03;low_stress_plus_0p03,244.087911268,250.020937070,0.033696647,0.057712858,0.024016211,contextual_s_tau_rule_post_audit_candidate_not_validation
NGC7331,A,33.15,0.912972,0.166334,0.098236765,1.060000000,base_1p00;outer_plus_0p03;low_stress_plus_0p03,243.074291980,249.085427524,0.016903573,0.041332368,0.024428795,contextual_s_tau_rule_post_audit_candidate_not_validation
NGC7331,A,34.23,0.942716,0.156119,0.097093458,1.060000000,base_1p00;outer_plus_0p03;low_stress_plus_0p03,242.061858761,248.145447962,0.021133167,0.045954917,0.024821750,contextual_s_tau_rule_post_audit_candidate_not_validation
NGC7331,A,35.32,0.972735,0.146281,0.096058526,1.060000000,base_1p00;outer_plus_0p03;low_stress_plus_0p03,240.827295605,246.978026410,0.000716873,0.024502437,0.023785564,contextual_s_tau_rule_post_audit_candidate_not_validation
NGC7331,A,36.31,1,0.136593,0.101853782,1.060000000,base_1p00;outer_plus_0p03;low_stress_plus_0p03,238.884380898,245.086420590,0.003708999,0.029340212,0.025631213,contextual_s_tau_rule_post_audit_candidate_not_validation
