GalaxyName,SurveyTable,UGC,Gini,M20,Concentration2080,Concentration5080,AsymmetryA,SmoothnessS,Ellipticity,GM,Lopsidedness,LopX,LopY,WHISP_HolwerdaMorphologyBurden_v01,Source,AllowedUse,InterpretationGuardrail
UGC00731,Swaters2002_WHISP,00731,0.536999579456,-1.0577821946,5.98767544828,2.64034139143,0.647785680245,0.204955062309,0.413466757074,0.453856873257,1.41421356237,1.0,1.0,0.670105265,VizieR_J_MNRAS_416_2415_Holwerda_etal_2011,published_WHISP_HI_morphology_proxy_only,whisp_holwerda2011_morphology_readout_no_velocity_endpoint_no_refit
UGC01249,Swaters2002_WHISP,01249,0.61000226481,-0.930157678913,9.77025637935,2.95586459428,1.26954885998,0.171265266881,0.488655435703,0.663089573372,1.40115266276,0.992919886544,0.988604513066,0.832655556,VizieR_J_MNRAS_416_2415_Holwerda_etal_2011,published_WHISP_HI_morphology_proxy_only,whisp_holwerda2011_morphology_readout_no_velocity_endpoint_no_refit
UGC01281,Swaters2002_WHISP,01281,0.689984438585,-1.36010363742,8.43024136698,3.71350571146,0.507947202618,0.149479446631,0.70255233498,0.587206728751,1.41421356237,1.0,1.0,0.693548137,VizieR_J_MNRAS_416_2415_Holwerda_etal_2011,published_WHISP_HI_morphology_proxy_only,whisp_holwerda2011_morphology_readout_no_velocity_endpoint_no_refit
UGC02023,Swaters2002_WHISP,02023,0.5730993699,-1.32055313367,6.40603996879,2.65455135907,0.840666979246,0.19862416787,0.222309920447,0.427317299719,1.37484172692,0.974322014523,0.969992982498,0.659110699,VizieR_J_MNRAS_416_2415_Holwerda_etal_2011,published_WHISP_HI_morphology_proxy_only,whisp_holwerda2011_morphology_readout_no_velocity_endpoint_no_refit
UGC02034,Swaters2002_WHISP,02034,0.501734949531,-1.26875482451,6.31797420183,2.7072012393,0.758626279569,0.231969620354,0.0321843094136,0.395609938131,1.38728661386,0.980424555337,0.981494697019,0.602516706,VizieR_J_MNRAS_416_2415_Holwerda_etal_2011,published_WHISP_HI_morphology_proxy_only,whisp_holwerda2011_morphology_readout_no_velocity_endpoint_no_refit
UGC02053,Swaters2002_WHISP,02053,0.625916797955,-1.38969820741,6.94910115672,3.34634619166,0.747845612061,0.189658230359,0.100717042461,0.413129766352,1.41421356237,1.0,1.0,0.613108612,VizieR_J_MNRAS_416_2415_Holwerda_etal_2011,published_WHISP_HI_morphology_proxy_only,whisp_holwerda2011_morphology_readout_no_velocity_endpoint_no_refit
UGC02455,Swaters2002_WHISP,02455,0.677550169757,-1.33974656298,6.82836497492,3.37882285944,0.672580822374,0.129332788143,0.22044575501,0.442703983659,1.41421356237,1.0,1.0,0.609143232,VizieR_J_MNRAS_416_2415_Holwerda_etal_2011,published_WHISP_HI_morphology_proxy_only,whisp_holwerda2011_morphology_readout_no_velocity_endpoint_no_refit
UGC03137,Swaters2002_WHISP,03137,0.662543766443,-1.68254660737,10.0396955174,4.42135132938,1.28289898224,0.290662236771,0.797518480821,0.594715595662,1.41421356237,1.0,1.0,0.946323316,VizieR_J_MNRAS_416_2415_Holwerda_etal_2011,published_WHISP_HI_morphology_proxy_only,whisp_holwerda2011_morphology_readout_no_velocity_endpoint_no_refit
UGC03371,Swaters2002_WHISP,03371,0.481092962891,-1.04030012696,5.44708866998,2.54141404126,1.66670239063,0.345334441415,0.320200460925,0.447311348206,1.39058401651,0.981205168095,0.985373190766,0.930705327,VizieR_J_MNRAS_416_2415_Holwerda_etal_2011,published_WHISP_HI_morphology_proxy_only,whisp_holwerda2011_morphology_readout_no_velocity_endpoint_no_refit
UGC03698,Swaters2002_WHISP,03698,0.600782388304,-0.656460277705,2.09450724574,0.670133742237,1.90893601357,0.305891830546,0.52538845114,0.692091847375,1.41421356237,1.0,1.0,1.038607464,VizieR_J_MNRAS_416_2415_Holwerda_etal_2011,published_WHISP_HI_morphology_proxy_only,whisp_holwerda2011_morphology_readout_no_velocity_endpoint_no_refit
UGC03711,Swaters2002_WHISP,03711,0.622996775563,-2.29816114729,10.8371596276,6.41130197104,1.01958220663,0.266077269556,0.625989768452,0.758218806383,1.41421356237,1.0,1.0,0.831465702,VizieR_J_MNRAS_416_2415_Holwerda_etal_2011,published_WHISP_HI_morphology_proxy_only,whisp_holwerda2011_morphology_readout_no_velocity_endpoint_no_refit
UGC03817,Swaters2002_WHISP,03817,0.588801415595,-1.65872469976,7.60950646357,3.59696388195,1.40359231468,0.310905563902,0.225868144634,0.544351899565,1.38103946303,0.977649011511,0.975434471787,0.830351372,VizieR_J_MNRAS_416_2415_Holwerda_etal_2011,published_WHISP_HI_morphology_proxy_only,whisp_holwerda2011_morphology_readout_no_velocity_endpoint_no_refit
UGC03851,Swaters2002_WHISP,03851,,,,,,,,,,,,,VizieR_J_MNRAS_416_2415_Holwerda_etal_2011,published_WHISP_HI_morphology_proxy_only,whisp_holwerda2011_morphology_readout_no_velocity_endpoint_no_refit
UGC03966,Swaters2002_WHISP,03966,0.593189661406,-1.55987565274,8.00410857663,3.9386330166,1.7663738429,0.324557307342,0.108686793501,0.443503881491,1.41421356237,1.0,1.0,0.903457877,VizieR_J_MNRAS_416_2415_Holwerda_etal_2011,published_WHISP_HI_morphology_proxy_only,whisp_holwerda2011_morphology_readout_no_velocity_endpoint_no_refit
UGC04173,Swaters2002_WHISP,04173,0.519118328519,-0.994009607745,5.52615086709,2.29972530092,2.0,0.328982961474,0.17875563298,0.476139112704,1.41421356237,1.0,1.0,0.980488039,VizieR_J_MNRAS_416_2415_Holwerda_etal_2011,published_WHISP_HI_morphology_proxy_only,whisp_holwerda2011_morphology_readout_no_velocity_endpoint_no_refit
UGC04274,Swaters2002_WHISP,04274,0.682688669312,-0.553336119491,12.9423296168,0.614687435608,2.0,0.239990985309,0.864628686599,0.833527185143,1.41421356237,1.0,1.0,1.129708309,VizieR_J_MNRAS_416_2415_Holwerda_etal_2011,published_WHISP_HI_morphology_proxy_only,whisp_holwerda2011_morphology_readout_no_velocity_endpoint_no_refit
UGC04278,Swaters2002_WHISP,04278,0.682688669312,-2.55191265157,18.8253821808,13.4119242149,1.03296657752,0.239990985309,0.864628587615,0.78965814092,1.361709291,0.936230126903,0.988799950787,0.874823860,VizieR_J_MNRAS_416_2415_Holwerda_etal_2011,published_WHISP_HI_morphology_proxy_only,whisp_holwerda2011_morphology_readout_no_velocity_endpoint_no_refit
UGC04305,Swaters2002_WHISP,04305,0.529026256035,-1.15912581435,5.71083296125,2.42602183335,1.09205602043,0.216606242116,0.13637151502,0.420407064048,1.41421356237,1.0,1.0,0.714811835,VizieR_J_MNRAS_416_2415_Holwerda_etal_2011,published_WHISP_HI_morphology_proxy_only,whisp_holwerda2011_morphology_readout_no_velocity_endpoint_no_refit
UGC04325,Swaters2002_WHISP,04325,0.535549703566,-1.19911497333,6.14215586743,2.77059323701,0.924658412223,0.197623013017,0.28834970716,0.402447789035,1.41421356237,1.0,1.0,0.706211174,VizieR_J_MNRAS_416_2415_Holwerda_etal_2011,published_WHISP_HI_morphology_proxy_only,whisp_holwerda2011_morphology_readout_no_velocity_endpoint_no_refit
UGC04499,Swaters2002_WHISP,04499,0.535518846445,-1.28742581434,6.68231873991,2.8790967539,0.713615661639,0.227384076876,0.307576009745,0.426475415564,1.41421356237,1.0,1.0,0.665697328,VizieR_J_MNRAS_416_2415_Holwerda_etal_2011,published_WHISP_HI_morphology_proxy_only,whisp_holwerda2011_morphology_readout_no_velocity_endpoint_no_refit
UGC04543,Swaters2002_WHISP,04543,0.630077645346,-1.39760705869,7.65295974785,3.84060644173,0.922188421038,0.261348776876,0.189920226329,0.489573885478,1.41421356237,1.0,1.0,0.696917747,VizieR_J_MNRAS_416_2415_Holwerda_etal_2011,published_WHISP_HI_morphology_proxy_only,whisp_holwerda2011_morphology_readout_no_velocity_endpoint_no_refit
UGC05272,Swaters2002_WHISP,05272,0.699946559234,-1.47133266951,7.85286414178,4.02798623213,0.648298785557,0.175145223595,0.0709750013571,0.463340394897,1.41421356237,1.0,1.0,0.577158143,VizieR_J_MNRAS_416_2415_Holwerda_etal_2011,published_WHISP_HI_morphology_proxy_only,whisp_holwerda2011_morphology_readout_no_velocity_endpoint_no_refit
UGC05414,Swaters2002_WHISP,05414,0.640208591137,-1.18336506489,6.52141781229,2.91327638794,0.866815300456,0.205805256386,0.244536513299,0.451595765936,1.3688762441,0.9677768601,0.968106461455,0.671508329,VizieR_J_MNRAS_416_2415_Holwerda_etal_2011,published_WHISP_HI_morphology_proxy_only,whisp_holwerda2011_morphology_readout_no_velocity_endpoint_no_refit
UGC05721,Swaters2002_WHISP,05721,0.634039444003,-1.83706863343,8.8613467082,3.79772584157,0.62774033267,0.139578224714,0.509272710328,0.472635187735,1.37067420397,0.979305898817,0.959013936282,0.661816368,VizieR_J_MNRAS_416_2415_Holwerda_etal_2011,published_WHISP_HI_morphology_proxy_only,whisp_holwerda2011_morphology_readout_no_velocity_endpoint_no_refit
UGC05829,Swaters2002_WHISP,05829,0.564957706669,-1.00426307101,5.12804311038,2.25347659986,1.08941876391,0.176046555264,0.217568755754,0.468776302718,1.41421356237,1.0,1.0,0.724311909,VizieR_J_MNRAS_416_2415_Holwerda_etal_2011,published_WHISP_HI_morphology_proxy_only,whisp_holwerda2011_morphology_readout_no_velocity_endpoint_no_refit
UGC05846,Swaters2002_WHISP,05846,0.546945594181,-1.27682294553,6.29855495017,3.07421075807,1.97408344429,0.285559055474,0.134079861782,0.414801382181,1.41421356237,1.0,1.0,0.951983981,VizieR_J_MNRAS_416_2415_Holwerda_etal_2011,published_WHISP_HI_morphology_proxy_only,whisp_holwerda2011_morphology_readout_no_velocity_endpoint_no_refit
UGC05918,Swaters2002_WHISP,05918,0.544928211508,-1.1780517064,6.22794910545,2.80687825585,1.93027225579,0.275511389748,0.354591061504,0.453535634346,1.39696730783,0.981432873974,0.994136395585,0.989335504,VizieR_J_MNRAS_416_2415_Holwerda_etal_2011,published_WHISP_HI_morphology_proxy_only,whisp_holwerda2011_morphology_readout_no_velocity_endpoint_no_refit
UGC05935,Swaters2002_WHISP,05935,0.617356969295,-0.985052058308,13.952404187,9.23031285108,1.70838532879,0.320905112062,0.700033266038,0.837684042995,1.41421356237,1.0,1.0,1.035884317,VizieR_J_MNRAS_416_2415_Holwerda_etal_2011,published_WHISP_HI_morphology_proxy_only,whisp_holwerda2011_morphology_readout_no_velocity_endpoint_no_refit
UGC05986,Swaters2002_WHISP,05986,0.693591090381,-1.50742995035,8.88949544156,3.67757603136,1.1301111583,0.157283289153,0.578974588476,0.558163061459,1.41421356237,1.0,1.0,0.820145650,VizieR_J_MNRAS_416_2415_Holwerda_etal_2011,published_WHISP_HI_morphology_proxy_only,whisp_holwerda2011_morphology_readout_no_velocity_endpoint_no_refit
UGC06446,Swaters2002_WHISP,06446,0.540702365197,-1.15761076012,5.9811897301,2.57728820741,0.702582531786,0.22199334692,0.273328888235,0.422547817504,1.38048966432,0.971306974157,0.980976286792,0.644598608,VizieR_J_MNRAS_416_2415_Holwerda_etal_2011,published_WHISP_HI_morphology_proxy_only,whisp_holwerda2011_morphology_readout_no_velocity_endpoint_no_refit
UGC06628,Swaters2002_WHISP,06628,0.582663533712,-1.09495068684,5.16336116503,2.11286781778,1.44704637498,0.1821278328,0.16694658415,0.418993304422,1.3777002674,0.974488354228,0.973873951943,0.793455265,VizieR_J_MNRAS_416_2415_Holwerda_etal_2011,published_WHISP_HI_morphology_proxy_only,whisp_holwerda2011_morphology_readout_no_velocity_endpoint_no_refit
UGC06817,Swaters2002_WHISP,06817,0.545578150551,-1.57861693369,8.12365457349,3.12061646521,0.909072654012,0.227036349615,0.237851241258,0.441640723742,1.41421356237,1.0,1.0,0.697043452,VizieR_J_MNRAS_416_2415_Holwerda_etal_2011,published_WHISP_HI_morphology_proxy_only,whisp_holwerda2011_morphology_readout_no_velocity_endpoint_no_refit
UGC06944,Swaters2002_WHISP,06944,0.651850138833,-1.17763875095,11.3586436075,3.2143733017,1.4228686108,0.206952303428,0.278081455434,0.656118291005,1.38565998285,0.977848397498,0.981766825461,0.823390588,VizieR_J_MNRAS_416_2415_Holwerda_etal_2011,published_WHISP_HI_morphology_proxy_only,whisp_holwerda2011_morphology_readout_no_velocity_endpoint_no_refit
UGC06956,Swaters2002_WHISP,06956,,,,,,,,,,,,,VizieR_J_MNRAS_416_2415_Holwerda_etal_2011,published_WHISP_HI_morphology_proxy_only,whisp_holwerda2011_morphology_readout_no_velocity_endpoint_no_refit
UGC07047,Swaters2002_WHISP,07047,0.638864014978,-1.25166247626,6.52013250525,3.43590750194,0.880656973389,0.212993523405,0.285159662395,0.495496680664,1.3790169647,0.972490174091,0.977727288273,0.689456781,VizieR_J_MNRAS_416_2415_Holwerda_etal_2011,published_WHISP_HI_morphology_proxy_only,whisp_holwerda2011_morphology_readout_no_velocity_endpoint_no_refit
UGC07125,Swaters2002_WHISP,07125,0.664487810069,-1.44056539908,9.5845979212,3.99743550546,0.773745620197,0.138007434211,0.708771288857,0.602320134094,1.41421356237,1.0,1.0,0.758684476,VizieR_J_MNRAS_416_2415_Holwerda_etal_2011,published_WHISP_HI_morphology_proxy_only,whisp_holwerda2011_morphology_readout_no_velocity_endpoint_no_refit
UGC07151,Swaters2002_WHISP,07151,0.676684320907,-1.25194419911,7.73880347331,3.41601910168,1.05083053957,0.144490078306,0.517767921528,0.56492139223,1.35802498586,0.982082408909,0.937947762052,0.767778381,VizieR_J_MNRAS_416_2415_Holwerda_etal_2011,published_WHISP_HI_morphology_proxy_only,whisp_holwerda2011_morphology_readout_no_velocity_endpoint_no_refit
UGC07199,Swaters2002_WHISP,07199,0.579086697455,-2.05354056343,10.9096403199,4.4587643041,1.14200503887,0.300871028784,0.327969696888,0.513694908312,1.36274967293,0.95045561209,0.976586299574,0.783398859,VizieR_J_MNRAS_416_2415_Holwerda_etal_2011,published_WHISP_HI_morphology_proxy_only,whisp_holwerda2011_morphology_readout_no_velocity_endpoint_no_refit
UGC07232,Swaters2002_WHISP,07232,0.629546498817,-0.58945965867,12.2319666452,0.217953991046,1.78723489086,0.390836230046,0.78085127482,0.776674439503,1.40193841528,0.988977491629,0.993657305753,1.090215203,VizieR_J_MNRAS_416_2415_Holwerda_etal_2011,published_WHISP_HI_morphology_proxy_only,whisp_holwerda2011_morphology_readout_no_velocity_endpoint_no_refit
UGC07261,Swaters2002_WHISP,07261,0.550991152572,-1.07015542613,5.09509299892,2.27741700143,0.559177768206,0.137690457891,0.137898437114,0.390868603244,1.41421356237,1.0,1.0,0.562245056,VizieR_J_MNRAS_416_2415_Holwerda_etal_2011,published_WHISP_HI_morphology_proxy_only,whisp_holwerda2011_morphology_readout_no_velocity_endpoint_no_refit
UGC07278,Swaters2002_WHISP,07278,,,,,,,,,,,,,VizieR_J_MNRAS_416_2415_Holwerda_etal_2011,published_WHISP_HI_morphology_proxy_only,whisp_holwerda2011_morphology_readout_no_velocity_endpoint_no_refit
UGC07323,Swaters2002_WHISP,07323,0.531058498776,-0.938052007665,4.98768699223,2.48726836274,0.740465812747,0.171648905065,0.255075410255,0.4562688592,1.41421356237,1.0,1.0,0.645350923,VizieR_J_MNRAS_416_2415_Holwerda_etal_2011,published_WHISP_HI_morphology_proxy_only,whisp_holwerda2011_morphology_readout_no_velocity_endpoint_no_refit
UGC07399,Swaters2002_WHISP,07399,0.605156168834,-1.79062576027,9.34450245472,4.52109723286,1.08447075308,0.252788786754,0.380708694339,0.495822994805,1.38088448014,0.97866059046,0.974199874854,0.774713179,VizieR_J_MNRAS_416_2415_Holwerda_etal_2011,published_WHISP_HI_morphology_proxy_only,whisp_holwerda2011_morphology_readout_no_velocity_endpoint_no_refit
UGC07408,Swaters2002_WHISP,07408,0.55425622338,-1.61944124113,8.40143527276,4.01461532659,1.12005953384,0.306686938671,0.257091126249,0.571063162073,1.41421356237,1.0,1.0,0.774512790,VizieR_J_MNRAS_416_2415_Holwerda_etal_2011,published_WHISP_HI_morphology_proxy_only,whisp_holwerda2011_morphology_readout_no_velocity_endpoint_no_refit
UGC07490,Swaters2002_WHISP,07490,0.527942394373,-1.2708466573,6.42691559435,2.84366241938,1.78046367162,0.401928059245,0.0534073882976,0.506034596202,1.39675429162,0.989059276644,0.986247584761,0.908138353,VizieR_J_MNRAS_416_2415_Holwerda_etal_2011,published_WHISP_HI_morphology_proxy_only,whisp_holwerda2011_morphology_readout_no_velocity_endpoint_no_refit
UGC07524,Swaters2002_WHISP,07524,0.464532762229,-0.997336236112,5.50269660642,2.04734573911,0.610287285265,0.0972317209717,0.243595565118,0.437936457936,1.40300975958,0.991449697084,0.992705335755,0.588531083,VizieR_J_MNRAS_416_2415_Holwerda_etal_2011,published_WHISP_HI_morphology_proxy_only,whisp_holwerda2011_morphology_readout_no_velocity_endpoint_no_refit
UGC07559,Swaters2002_WHISP,07559,0.621630319227,-0.965500787188,18.8459132662,14.2872425122,1.20693105434,0.207643963868,0.849374470038,0.8485366156,1.3875058142,0.980061122122,0.982167287857,0.912863826,VizieR_J_MNRAS_416_2415_Holwerda_etal_2011,published_WHISP_HI_morphology_proxy_only,whisp_holwerda2011_morphology_readout_no_velocity_endpoint_no_refit
UGC07577,Swaters2002_WHISP,07577,0.561644321418,-0.695880574569,0.634102924545,0.296614593263,2.0,0.170904614306,0.130284660169,0.565574674639,1.40563490885,0.987830702594,1.0,0.926706046,VizieR_J_MNRAS_416_2415_Holwerda_etal_2011,published_WHISP_HI_morphology_proxy_only,whisp_holwerda2011_morphology_readout_no_velocity_endpoint_no_refit
UGC07592,Swaters2002_WHISP,07592,0.51518151226,-1.22380943083,11.3216026485,3.91660534166,1.23463561738,0.326798113241,0.244716889675,0.623552779585,1.13656797271,0.801127906974,0.806213888031,0.735679648,VizieR_J_MNRAS_416_2415_Holwerda_etal_2011,published_WHISP_HI_morphology_proxy_only,whisp_holwerda2011_morphology_readout_no_velocity_endpoint_no_refit
UGC07603,Swaters2002_WHISP,07603,0.67706411345,-2.55844503129,10.9381078621,5.33538483927,0.91688643863,0.13524419258,0.810483941042,0.837746013221,1.41421356237,1.0,1.0,0.819207034,VizieR_J_MNRAS_416_2415_Holwerda_etal_2011,published_WHISP_HI_morphology_proxy_only,whisp_holwerda2011_morphology_readout_no_velocity_endpoint_no_refit
UGC07608,Swaters2002_WHISP,07608,0.561644321418,-1.21833822475,5.54435793118,2.1832855862,1.46224800551,0.170904614306,0.130395708335,0.424287342559,1.38834498287,0.982224452513,0.981191579844,0.787973328,VizieR_J_MNRAS_416_2415_Holwerda_etal_2011,published_WHISP_HI_morphology_proxy_only,whisp_holwerda2011_morphology_readout_no_velocity_endpoint_no_refit
UGC07690,Swaters2002_WHISP,07690,0.61947140594,-1.65803446254,7.97508979525,3.64396477669,0.896146127998,0.25068459624,0.172455665876,0.43300499945,1.41421356237,1.0,1.0,0.683374988,VizieR_J_MNRAS_416_2415_Holwerda_etal_2011,published_WHISP_HI_morphology_proxy_only,whisp_holwerda2011_morphology_readout_no_velocity_endpoint_no_refit
UGC07866,Swaters2002_WHISP,07866,0.529141548222,-1.12800513178,5.70163502231,2.55464913018,0.725303363242,0.205021079137,0.19940049293,0.41635449411,1.37224768017,0.968826012409,0.971822953742,0.625493154,VizieR_J_MNRAS_416_2415_Holwerda_etal_2011,published_WHISP_HI_morphology_proxy_only,whisp_holwerda2011_morphology_readout_no_velocity_endpoint_no_refit
UGC07916,Swaters2002_WHISP,07916,0.629275241784,-1.26192788502,6.8754693414,3.27514812022,1.44030374685,0.120787350392,0.492827267718,0.498688656169,1.36124690642,0.954320027687,0.970704087245,0.853791318,VizieR_J_MNRAS_416_2415_Holwerda_etal_2011,published_WHISP_HI_morphology_proxy_only,whisp_holwerda2011_morphology_readout_no_velocity_endpoint_no_refit
UGC07971,Swaters2002_WHISP,07971,0.587551888404,-1.12561498179,5.74270556211,2.70019581775,1.26698416792,0.250681660817,0.0676457793443,0.421753465702,1.36728213855,0.961458914693,0.97214052573,0.738148437,VizieR_J_MNRAS_416_2415_Holwerda_etal_2011,published_WHISP_HI_morphology_proxy_only,whisp_holwerda2011_morphology_readout_no_velocity_endpoint_no_refit
UGC08188,Swaters2002_WHISP,08188,0.58242679719,-1.09184174793,5.58142779303,2.79591441513,0.84423283154,0.146616263283,0.0875064966484,0.44608347712,1.41421356237,1.0,1.0,0.623142288,VizieR_J_MNRAS_416_2415_Holwerda_etal_2011,published_WHISP_HI_morphology_proxy_only,whisp_holwerda2011_morphology_readout_no_velocity_endpoint_no_refit
UGC08201,Swaters2002_WHISP,08201,0.586359725876,-1.26571820251,6.84171207898,3.39079245301,1.10376157544,0.317140635345,0.161873982696,0.453122898589,1.38093033577,0.983559389727,0.969319100777,0.740926632,VizieR_J_MNRAS_416_2415_Holwerda_etal_2011,published_WHISP_HI_morphology_proxy_only,whisp_holwerda2011_morphology_readout_no_velocity_endpoint_no_refit
UGC08286,Swaters2002_WHISP,08286,0.743206940266,-1.4767070776,9.10138978755,3.78479618219,0.797289033875,0.147803961343,0.626860989318,0.614630950959,1.41421356237,1.0,1.0,0.746541887,VizieR_J_MNRAS_416_2415_Holwerda_etal_2011,published_WHISP_HI_morphology_proxy_only,whisp_holwerda2011_morphology_readout_no_velocity_endpoint_no_refit
UGC08331,Swaters2002_WHISP,08331,0.554256604882,-1.1738576666,8.50489937541,3.20768113061,1.3207597709,0.363830780772,0.493773624207,0.577242300321,1.41421356237,1.0,1.0,0.898144435,VizieR_J_MNRAS_416_2415_Holwerda_etal_2011,published_WHISP_HI_morphology_proxy_only,whisp_holwerda2011_morphology_readout_no_velocity_endpoint_no_refit
UGC08490,Swaters2002_WHISP,08490,0.530329586498,-1.62742204033,8.11597407013,3.47372219199,0.923798600302,0.311686659126,0.231802453824,0.466282056799,1.41421356237,1.0,1.0,0.720375319,VizieR_J_MNRAS_416_2415_Holwerda_etal_2011,published_WHISP_HI_morphology_proxy_only,whisp_holwerda2011_morphology_readout_no_velocity_endpoint_no_refit
UGC08550,Swaters2002_WHISP,08550,0.663012993248,-1.65256863584,8.77326477535,3.39034830255,0.623504861954,0.21200334602,0.460718277935,0.547381156963,1.34557359645,0.923695802493,0.978444872186,0.660450021,VizieR_J_MNRAS_416_2415_Holwerda_etal_2011,published_WHISP_HI_morphology_proxy_only,whisp_holwerda2011_morphology_readout_no_velocity_endpoint_no_refit
UGC08683,Swaters2002_WHISP,08683,0.559375953149,-1.27452312596,6.33255933441,2.58559202282,0.847991644782,0.248853818193,0.145201580078,0.439205773794,1.41421356237,1.0,1.0,0.664065151,VizieR_J_MNRAS_416_2415_Holwerda_etal_2011,published_WHISP_HI_morphology_proxy_only,whisp_holwerda2011_morphology_readout_no_velocity_endpoint_no_refit
UGC08837,Swaters2002_WHISP,08837,0.659517436532,-1.13202426425,8.16192388244,3.13071071045,0.975738636351,0.23393461246,0.498463861481,0.56454025334,1.41421356237,1.0,1.0,0.780587668,VizieR_J_MNRAS_416_2415_Holwerda_etal_2011,published_WHISP_HI_morphology_proxy_only,whisp_holwerda2011_morphology_readout_no_velocity_endpoint_no_refit
UGC09128,Swaters2002_WHISP,09128,0.667821225889,-2.03098732001,9.99803872123,5.2530658692,1.72756131805,0.168782023874,0.16987390688,0.436276129692,1.41421356237,1.0,1.0,0.870107703,VizieR_J_MNRAS_416_2415_Holwerda_etal_2011,published_WHISP_HI_morphology_proxy_only,whisp_holwerda2011_morphology_readout_no_velocity_endpoint_no_refit
UGC09211,Swaters2002_WHISP,09211,0.533161055817,-1.4197259221,7.15778497563,3.3085002791,0.785532235976,0.265706168233,0.328969508662,0.44462016571,1.37803819361,0.979440959052,0.969373339221,0.689561527,VizieR_J_MNRAS_416_2415_Holwerda_etal_2011,published_WHISP_HI_morphology_proxy_only,whisp_holwerda2011_morphology_readout_no_velocity_endpoint_no_refit
UGC09992,Swaters2002_WHISP,09992,0.558107641539,-1.51328059617,7.36866509373,3.17473901604,1.33232381742,0.381489151282,0.0709677214389,0.432627068096,1.41421356237,1.0,1.0,0.799748563,VizieR_J_MNRAS_416_2415_Holwerda_etal_2011,published_WHISP_HI_morphology_proxy_only,whisp_holwerda2011_morphology_readout_no_velocity_endpoint_no_refit
UGC10310,Swaters2002_WHISP,10310,0.529397096003,-1.14816339384,5.46861759876,2.5803866448,0.812603256182,0.240449017022,0.147438601217,0.420897413697,1.41421356237,1.0,1.0,0.653676109,VizieR_J_MNRAS_416_2415_Holwerda_etal_2011,published_WHISP_HI_morphology_proxy_only,whisp_holwerda2011_morphology_readout_no_velocity_endpoint_no_refit
UGC11557,Swaters2002_WHISP,11557,,,,,,,,,,,,,VizieR_J_MNRAS_416_2415_Holwerda_etal_2011,published_WHISP_HI_morphology_proxy_only,whisp_holwerda2011_morphology_readout_no_velocity_endpoint_no_refit
UGC11707,Swaters2002_WHISP,11707,,,,,,,,,,,,,VizieR_J_MNRAS_416_2415_Holwerda_etal_2011,published_WHISP_HI_morphology_proxy_only,whisp_holwerda2011_morphology_readout_no_velocity_endpoint_no_refit
UGC11861,Swaters2002_WHISP,11861,0.534924993105,-1.03328426449,5.16301890645,2.5258203608,1.23891879712,0.324196784207,0.30040356355,0.459070784526,1.41421356237,1.0,1.0,0.819433177,VizieR_J_MNRAS_416_2415_Holwerda_etal_2011,published_WHISP_HI_morphology_proxy_only,whisp_holwerda2011_morphology_readout_no_velocity_endpoint_no_refit
UGC12060,Swaters2002_WHISP,12060,0.504829647684,-1.31561001851,6.86994563031,3.3533404014,0.793828579751,0.232129742705,0.243518039845,0.422336580472,1.38683823825,0.978203132371,0.983076258936,0.664078650,VizieR_J_MNRAS_416_2415_Holwerda_etal_2011,published_WHISP_HI_morphology_proxy_only,whisp_holwerda2011_morphology_readout_no_velocity_endpoint_no_refit
UGC12632,Swaters2002_WHISP,12632,0.488721881645,-1.05815192804,5.42941695658,2.45450696624,1.15242954763,0.174449183731,0.276415014248,0.419430591679,1.39407688335,0.987580969995,0.983938099885,0.749342657,VizieR_J_MNRAS_416_2415_Holwerda_etal_2011,published_WHISP_HI_morphology_proxy_only,whisp_holwerda2011_morphology_readout_no_velocity_endpoint_no_refit
UGC12732,Swaters2002_WHISP,12732,0.46165939843,-1.03037243491,5.082748837,1.90995206934,0.587690057456,0.140430756459,0.172242321491,0.388869226271,1.41421356237,1.0,1.0,0.578644174,VizieR_J_MNRAS_416_2415_Holwerda_etal_2011,published_WHISP_HI_morphology_proxy_only,whisp_holwerda2011_morphology_readout_no_velocity_endpoint_no_refit
UGC00089,Noordermeer2005_WHISP,00089,0.704113896445,1.11042323895,20.1848372902,5.3673639893,1.63294010333,0.105877875539,0.567341031972,0.826777701583,1.39225694288,0.982078918831,0.986863917758,0.924603988,VizieR_J_MNRAS_416_2415_Holwerda_etal_2011,published_WHISP_HI_morphology_proxy_only,whisp_holwerda2011_morphology_readout_no_velocity_endpoint_no_refit
UGC00094,Noordermeer2005_WHISP,00094,0.704113896445,1.22885655747,21.1204823305,5.28017356999,1.92424487043,0.105877875539,0.567341585397,0.853900758119,1.41421356237,1.0,1.0,1.002919473,VizieR_J_MNRAS_416_2415_Holwerda_etal_2011,published_WHISP_HI_morphology_proxy_only,whisp_holwerda2011_morphology_readout_no_velocity_endpoint_no_refit
UGC00232,Noordermeer2005_WHISP,00232,0.620739696091,1.59904358259,6.95764074139,3.15360118192,1.02954916513,0.12403170097,0.0826770070589,0.354283989216,1.36328604654,0.961384032238,0.966586564804,0.649885980,VizieR_J_MNRAS_416_2415_Holwerda_etal_2011,published_WHISP_HI_morphology_proxy_only,whisp_holwerda2011_morphology_readout_no_velocity_endpoint_no_refit
UGC00499,Noordermeer2005_WHISP,00499,,,,,,,,,,,,,VizieR_J_MNRAS_416_2415_Holwerda_etal_2011,published_WHISP_HI_morphology_proxy_only,whisp_holwerda2011_morphology_readout_no_velocity_endpoint_no_refit
UGC00508,Noordermeer2005_WHISP,00508,0.52075318872,0.59687438376,3.29251792581,2.65462107119,2.0,0.286620137009,0.759807704907,0.587258937772,1.41421356237,1.0,1.0,1.115160351,VizieR_J_MNRAS_416_2415_Holwerda_etal_2011,published_WHISP_HI_morphology_proxy_only,whisp_holwerda2011_morphology_readout_no_velocity_endpoint_no_refit
UGC00624,Noordermeer2005_WHISP,00624,0.721229534626,2.90237544397,17.3247999061,12.0618429774,1.16777360671,0.219724452657,0.607248189931,0.837932593683,1.36618708856,0.972350329271,0.95968849015,0.840233334,VizieR_J_MNRAS_416_2415_Holwerda_etal_2011,published_WHISP_HI_morphology_proxy_only,whisp_holwerda2011_morphology_readout_no_velocity_endpoint_no_refit
UGC00798,Noordermeer2005_WHISP,00798,0.520953936754,0.696650981313,0.223788006079,0.103484052831,2.0,0.164313832864,0.144394286176,0.521469580604,1.41421356237,1.0,1.0,0.930730420,VizieR_J_MNRAS_416_2415_Holwerda_etal_2011,published_WHISP_HI_morphology_proxy_only,whisp_holwerda2011_morphology_readout_no_velocity_endpoint_no_refit
UGC01310,Noordermeer2005_WHISP,01310,,,,,,,,,,,,,VizieR_J_MNRAS_416_2415_Holwerda_etal_2011,published_WHISP_HI_morphology_proxy_only,whisp_holwerda2011_morphology_readout_no_velocity_endpoint_no_refit
UGC01541,Noordermeer2005_WHISP,01541,0.729130807818,0.566669783708,13.2904788447,0.618738647647,1.63558302906,0.112129574732,0.797386581491,0.869846129047,1.41421356237,1.0,1.0,0.989828187,VizieR_J_MNRAS_416_2415_Holwerda_etal_2011,published_WHISP_HI_morphology_proxy_only,whisp_holwerda2011_morphology_readout_no_velocity_endpoint_no_refit
UGC02045,Noordermeer2005_WHISP,02045,0.734831700333,1.97074409452,10.4432882198,5.59948621238,0.696268389825,0.114928954575,0.129605556407,0.437053571397,1.41421356237,1.0,1.0,0.588754116,VizieR_J_MNRAS_416_2415_Holwerda_etal_2011,published_WHISP_HI_morphology_proxy_only,whisp_holwerda2011_morphology_readout_no_velocity_endpoint_no_refit
UGC02141,Noordermeer2005_WHISP,02141,0.67936185925,2.56432753866,12.3630190765,6.6989692869,1.36555971873,0.289947530601,0.721602687621,0.735468897875,1.41421356237,1.0,1.0,0.947830875,VizieR_J_MNRAS_416_2415_Holwerda_etal_2011,published_WHISP_HI_morphology_proxy_only,whisp_holwerda2011_morphology_readout_no_velocity_endpoint_no_refit
UGC02154,Noordermeer2005_WHISP,02154,0.483306292101,0.654392456336,9.12147739444,3.69134457985,1.72096878644,0.434392353157,0.52669492776,0.700607971983,1.40476655509,0.999743451832,0.986854652324,1.021705656,VizieR_J_MNRAS_416_2415_Holwerda_etal_2011,published_WHISP_HI_morphology_proxy_only,whisp_holwerda2011_morphology_readout_no_velocity_endpoint_no_refit
UGC02183,Noordermeer2005_WHISP,02183,0.667312462731,1.21038494607,22.2169511687,15.4914344951,1.35651208814,0.179377145255,0.82626307292,0.899443846901,1.41421356237,1.0,1.0,0.944091467,VizieR_J_MNRAS_416_2415_Holwerda_etal_2011,published_WHISP_HI_morphology_proxy_only,whisp_holwerda2011_morphology_readout_no_velocity_endpoint_no_refit
UGC02487,Noordermeer2005_WHISP,02487,0.505876369025,0.47390924917,7.44100471072,3.1811370535,1.08634641608,0.305071905075,0.672749872487,0.859162237208,1.38738726784,0.986057102802,0.975978903968,0.862888865,VizieR_J_MNRAS_416_2415_Holwerda_etal_2011,published_WHISP_HI_morphology_proxy_only,whisp_holwerda2011_morphology_readout_no_velocity_endpoint_no_refit
UGC02916,Noordermeer2005_WHISP,02916,0.639043134708,1.06663629457,10.3387455497,5.28116551082,1.56801122519,0.259404363158,0.440667418355,0.783045286598,1.3845240483,0.972171877201,0.985793427404,0.913151764,VizieR_J_MNRAS_416_2415_Holwerda_etal_2011,published_WHISP_HI_morphology_proxy_only,whisp_holwerda2011_morphology_readout_no_velocity_endpoint_no_refit
UGC02941,Noordermeer2005_WHISP,02941,0.708638551499,0.557203620301,15.3582340158,8.77309827424,1.47352646176,0.175399707282,0.126308814142,0.860246174932,1.37254940327,0.97187069442,0.969205456927,0.786946097,VizieR_J_MNRAS_416_2415_Holwerda_etal_2011,published_WHISP_HI_morphology_proxy_only,whisp_holwerda2011_morphology_readout_no_velocity_endpoint_no_refit
UGC02953,Noordermeer2005_WHISP,02953,,,,,,,,,,,,,VizieR_J_MNRAS_416_2415_Holwerda_etal_2011,published_WHISP_HI_morphology_proxy_only,whisp_holwerda2011_morphology_readout_no_velocity_endpoint_no_refit
UGC03205,Noordermeer2005_WHISP,03205,0.70295987599,2.31741206734,7.60866692829,3.83005521456,0.955298943255,0.199202739748,0.808068564108,0.861989699422,1.41421356237,1.0,1.0,0.844195952,VizieR_J_MNRAS_416_2415_Holwerda_etal_2011,published_WHISP_HI_morphology_proxy_only,whisp_holwerda2011_morphology_readout_no_velocity_endpoint_no_refit
UGC03354,Noordermeer2005_WHISP,03354,0.712637648234,3.08419460745,10.0809270702,4.95111615966,1.20044355039,0.32455143696,0.866330805113,0.923263247488,1.34303472902,0.926997829286,0.971811354052,0.933590130,VizieR_J_MNRAS_416_2415_Holwerda_etal_2011,published_WHISP_HI_morphology_proxy_only,whisp_holwerda2011_morphology_readout_no_velocity_endpoint_no_refit
UGC03382,Noordermeer2005_WHISP,03382,0.582723213946,0.487780741783,8.34440202836,4.28701453509,2.0,0.318939060865,0.750748050891,0.862355036736,1.41421356237,1.0,1.0,1.120975169,VizieR_J_MNRAS_416_2415_Holwerda_etal_2011,published_WHISP_HI_morphology_proxy_only,whisp_holwerda2011_morphology_readout_no_velocity_endpoint_no_refit
UGC03407,Noordermeer2005_WHISP,03407,0.645902715429,0.696539645849,0.714383728833,0.182120097186,2.0,0.316924482114,0.541909230753,0.647615846299,1.41421356237,1.0,1.0,1.068261819,VizieR_J_MNRAS_416_2415_Holwerda_etal_2011,published_WHISP_HI_morphology_proxy_only,whisp_holwerda2011_morphology_readout_no_velocity_endpoint_no_refit
UGC03426,Noordermeer2005_WHISP,03426,0.700783399372,0.69548084206,0.447099375851,0.195018647163,2.0,0.329482657242,0.313454547644,0.695299411347,1.41421356237,1.0,1.0,1.014287692,VizieR_J_MNRAS_416_2415_Holwerda_etal_2011,published_WHISP_HI_morphology_proxy_only,whisp_holwerda2011_morphology_readout_no_velocity_endpoint_no_refit
UGC03546,Noordermeer2005_WHISP,03546,0.645407958844,0.296939402234,19.5049671856,15.1689808399,1.27781372336,0.308992337652,0.907865729537,0.935163133091,1.41421356237,1.0,1.0,0.977221338,VizieR_J_MNRAS_416_2415_Holwerda_etal_2011,published_WHISP_HI_morphology_proxy_only,whisp_holwerda2011_morphology_readout_no_velocity_endpoint_no_refit
UGC03580,Noordermeer2005_WHISP,03580,0.554267064446,1.48470095413,7.83929860004,3.3826645039,0.967760468589,0.382193553055,0.556235059441,0.507712473772,1.37563634707,0.965392028602,0.979996729844,0.820456357,VizieR_J_MNRAS_416_2415_Holwerda_etal_2011,published_WHISP_HI_morphology_proxy_only,whisp_holwerda2011_morphology_readout_no_velocity_endpoint_no_refit
UGC03642,Noordermeer2005_WHISP,03642,0.548574882716,0.752811827808,5.96476468061,2.96203570244,0.936929790403,0.247597910162,0.297734768278,0.821928664423,1.41421356237,1.0,1.0,0.724119008,VizieR_J_MNRAS_416_2415_Holwerda_etal_2011,published_WHISP_HI_morphology_proxy_only,whisp_holwerda2011_morphology_readout_no_velocity_endpoint_no_refit
UGC03965,Noordermeer2005_WHISP,03965,0.634891839198,1.6426708379,6.7898323362,3.20250723874,0.837859570048,0.232930037925,0.474518059432,0.69866442487,1.37056943152,0.9710648246,0.967209218857,0.728969275,VizieR_J_MNRAS_416_2415_Holwerda_etal_2011,published_WHISP_HI_morphology_proxy_only,whisp_holwerda2011_morphology_readout_no_velocity_endpoint_no_refit
UGC03993,Noordermeer2005_WHISP,03993,0.56738813924,0.340713435374,18.276370779,13.3798496771,1.36310932147,0.417475102272,0.878485225397,0.89713562037,1.3937253224,1.0,0.970809082316,1.013198743,VizieR_J_MNRAS_416_2415_Holwerda_etal_2011,published_WHISP_HI_morphology_proxy_only,whisp_holwerda2011_morphology_readout_no_velocity_endpoint_no_refit
UGC04458,Noordermeer2005_WHISP,04458,0.603570270671,0.692032520317,0.681900520299,0.450182023679,2.0,0.110742288587,0.622552826687,0.600602924376,1.41421356237,1.0,1.0,1.036877169,VizieR_J_MNRAS_416_2415_Holwerda_etal_2011,published_WHISP_HI_morphology_proxy_only,whisp_holwerda2011_morphology_readout_no_velocity_endpoint_no_refit
UGC04605,Noordermeer2005_WHISP,04605,0.59407048088,1.52873222584,9.10724107949,4.15778200758,0.860059759817,0.151413155633,0.81548598701,0.619328611581,1.41421356237,1.0,1.0,0.810293116,VizieR_J_MNRAS_416_2415_Holwerda_etal_2011,published_WHISP_HI_morphology_proxy_only,whisp_holwerda2011_morphology_readout_no_velocity_endpoint_no_refit
UGC04637,Noordermeer2005_WHISP,04637,,,,,,,,,,,,,VizieR_J_MNRAS_416_2415_Holwerda_etal_2011,published_WHISP_HI_morphology_proxy_only,whisp_holwerda2011_morphology_readout_no_velocity_endpoint_no_refit
UGC04666,Noordermeer2005_WHISP,04666,0.576280883331,0.681893240265,0.463684507662,0.249982936333,2.0,0.205626024622,0.713917752169,0.59571814642,1.41421356237,1.0,1.0,1.083439335,VizieR_J_MNRAS_416_2415_Holwerda_etal_2011,published_WHISP_HI_morphology_proxy_only,whisp_holwerda2011_morphology_readout_no_velocity_endpoint_no_refit
UGC04862,Noordermeer2005_WHISP,04862,0.582864297568,1.64492371184,9.96362669549,5.64808140307,1.38491497871,0.110922166557,0.58216849607,0.682913969796,1.41421356237,1.0,1.0,0.873054801,VizieR_J_MNRAS_416_2415_Holwerda_etal_2011,published_WHISP_HI_morphology_proxy_only,whisp_holwerda2011_morphology_readout_no_velocity_endpoint_no_refit
UGC05060,Noordermeer2005_WHISP,05060,0.609831456458,1.1316413979,10.5058376235,5.20389639217,0.966142111643,0.141342380551,0.887437848246,0.901813469351,1.36052216091,0.958933013714,0.965125911747,0.838861125,VizieR_J_MNRAS_416_2415_Holwerda_etal_2011,published_WHISP_HI_morphology_proxy_only,whisp_holwerda2011_morphology_readout_no_velocity_endpoint_no_refit
UGC05253,Noordermeer2005_WHISP,05253,0.455468529616,0.531371896741,8.19989562006,3.54435272055,1.46031430764,0.526796526106,0.186433852688,0.724730053592,1.3523188934,0.937399077699,0.974704754563,0.881465895,VizieR_J_MNRAS_416_2415_Holwerda_etal_2011,published_WHISP_HI_morphology_proxy_only,whisp_holwerda2011_morphology_readout_no_velocity_endpoint_no_refit
UGC05351,Noordermeer2005_WHISP,05351,0.689044356313,0.691806877984,0.239123954338,0.0989951424557,2.0,0.220927392354,0.377417908237,0.693647410675,1.41421356237,1.0,1.0,1.003139716,VizieR_J_MNRAS_416_2415_Holwerda_etal_2011,published_WHISP_HI_morphology_proxy_only,whisp_holwerda2011_morphology_readout_no_velocity_endpoint_no_refit
UGC05559,Noordermeer2005_WHISP,05559,0.529659925859,0.781487970252,12.0156865391,1.4615011632,1.78300046269,0.329356383208,0.660012555262,0.690871385211,1.39668860001,0.994982772446,0.980177702224,1.042264500,VizieR_J_MNRAS_416_2415_Holwerda_etal_2011,published_WHISP_HI_morphology_proxy_only,whisp_holwerda2011_morphology_readout_no_velocity_endpoint_no_refit
UGC05906,Noordermeer2005_WHISP,05906,0.622022686874,1.71269084974,8.27472039468,3.96501835933,1.22591391561,0.161680507678,0.118556639922,0.412916076587,1.41421356237,1.0,1.0,0.730091156,VizieR_J_MNRAS_416_2415_Holwerda_etal_2011,published_WHISP_HI_morphology_proxy_only,whisp_holwerda2011_morphology_readout_no_velocity_endpoint_no_refit
UGC05960,Noordermeer2005_WHISP,05960,0.768258824947,2.12583098816,10.9759681227,5.65265509111,1.30171050044,0.180944760491,0.215724020213,0.523560350576,1.41421356237,1.0,1.0,0.778148211,VizieR_J_MNRAS_416_2415_Holwerda_etal_2011,published_WHISP_HI_morphology_proxy_only,whisp_holwerda2011_morphology_readout_no_velocity_endpoint_no_refit
UGC06001,Noordermeer2005_WHISP,06001,0.704708660493,0.720616162695,20.7977955369,0.642136506364,1.4867150337,0.256265830178,0.887184628291,0.849376773424,1.35890161461,0.955311687077,0.966433225172,0.997266777,VizieR_J_MNRAS_416_2415_Holwerda_etal_2011,published_WHISP_HI_morphology_proxy_only,whisp_holwerda2011_morphology_readout_no_velocity_endpoint_no_refit
UGC06118,Noordermeer2005_WHISP,06118,0.63795970316,0.619740601043,16.7687503344,0.598562416527,1.3984492685,0.105323524709,0.792291391548,0.812310606516,1.41421356237,1.0,1.0,0.927569437,VizieR_J_MNRAS_416_2415_Holwerda_etal_2011,published_WHISP_HI_morphology_proxy_only,whisp_holwerda2011_morphology_readout_no_velocity_endpoint_no_refit
UGC06283,Noordermeer2005_WHISP,06283,0.655623049612,1.60742219208,8.9302683509,3.83996660972,0.635818130869,0.167434391038,0.642185063127,0.529765442042,1.3516842955,0.927780488372,0.982992268589,0.699280470,VizieR_J_MNRAS_416_2415_Holwerda_etal_2011,published_WHISP_HI_morphology_proxy_only,whisp_holwerda2011_morphology_readout_no_velocity_endpoint_no_refit
UGC06621,Noordermeer2005_WHISP,06621,0.778593997501,0.687877050087,0.178971793859,0.0667262995981,2.0,0.112412200098,0.660142074687,0.782182517092,1.41421356237,1.0,1.0,1.046691959,VizieR_J_MNRAS_416_2415_Holwerda_etal_2011,published_WHISP_HI_morphology_proxy_only,whisp_holwerda2011_morphology_readout_no_velocity_endpoint_no_refit
UGC06623,Noordermeer2005_WHISP,06623,,,,,,,,,,,,,VizieR_J_MNRAS_416_2415_Holwerda_etal_2011,published_WHISP_HI_morphology_proxy_only,whisp_holwerda2011_morphology_readout_no_velocity_endpoint_no_refit
UGC06742,Noordermeer2005_WHISP,06742,0.630066110787,2.3505968117,11.7979700343,5.07277455091,0.902317189128,0.306082661482,0.205539341765,0.484742852902,1.41421356237,1.0,1.0,0.707038189,VizieR_J_MNRAS_416_2415_Holwerda_etal_2011,published_WHISP_HI_morphology_proxy_only,whisp_holwerda2011_morphology_readout_no_velocity_endpoint_no_refit
UGC06786,Noordermeer2005_WHISP,06786,0.687785040185,0.323939629467,14.0819691986,8.96523576226,0.841732550534,0.107987183731,0.882440817699,0.916170974403,1.4132188953,1.0,0.998592832954,0.811344862,VizieR_J_MNRAS_416_2415_Holwerda_etal_2011,published_WHISP_HI_morphology_proxy_only,whisp_holwerda2011_morphology_readout_no_velocity_endpoint_no_refit
UGC06787,Noordermeer2005_WHISP,06787,0.548074006952,0.898217034313,7.25481311387,2.79894906037,0.885711484544,0.243790231782,0.444139303459,0.866389652829,1.39261849512,0.99180519408,0.977603564824,0.741564879,VizieR_J_MNRAS_416_2415_Holwerda_etal_2011,published_WHISP_HI_morphology_proxy_only,whisp_holwerda2011_morphology_readout_no_velocity_endpoint_no_refit
UGC07166,Noordermeer2005_WHISP,07166,0.451829337287,0.955035171997,5.20525569157,1.6707993981,0.960074151162,0.210666598573,0.0863529006433,0.467124961994,1.41421356237,1.0,1.0,0.667826803,VizieR_J_MNRAS_416_2415_Holwerda_etal_2011,published_WHISP_HI_morphology_proxy_only,whisp_holwerda2011_morphology_readout_no_velocity_endpoint_no_refit
UGC07256,Noordermeer2005_WHISP,07256,0.551649836322,0.501388901706,7.30947017444,3.79353859014,1.04644622136,0.214525777217,0.205235336651,0.671632831593,1.41412443175,1.0,0.999873946289,0.720082942,VizieR_J_MNRAS_416_2415_Holwerda_etal_2011,published_WHISP_HI_morphology_proxy_only,whisp_holwerda2011_morphology_readout_no_velocity_endpoint_no_refit
UGC07489,Noordermeer2005_WHISP,07489,0.561907269985,1.74942325109,8.65259317076,4.20933882099,1.27235578655,0.335183678877,0.427951259823,0.522884087893,1.41421356237,1.0,1.0,0.862426072,VizieR_J_MNRAS_416_2415_Holwerda_etal_2011,published_WHISP_HI_morphology_proxy_only,whisp_holwerda2011_morphology_readout_no_velocity_endpoint_no_refit
UGC07506,Noordermeer2005_WHISP,07506,0.61190334501,0.789337808058,22.8324920283,14.8175285363,1.62831634054,0.418640779363,0.892853510757,0.850046438755,1.36772064037,0.957596610226,0.976559512874,1.076882818,VizieR_J_MNRAS_416_2415_Holwerda_etal_2011,published_WHISP_HI_morphology_proxy_only,whisp_holwerda2011_morphology_readout_no_velocity_endpoint_no_refit
UGC07704,Noordermeer2005_WHISP,07704,0.698453961923,2.14790428565,11.3299943756,5.91007956317,0.985177699615,0.210358336392,0.294806729569,0.443195358879,1.32265784797,0.938957687261,0.931548304889,0.703250153,VizieR_J_MNRAS_416_2415_Holwerda_etal_2011,published_WHISP_HI_morphology_proxy_only,whisp_holwerda2011_morphology_readout_no_velocity_endpoint_no_refit
UGC07989,Noordermeer2005_WHISP,07989,0.482462043403,0.316470881596,13.663868158,10.4624004981,1.31488388812,0.361124388604,0.811032637251,0.881551570818,1.41421356237,1.0,1.0,0.975313619,VizieR_J_MNRAS_416_2415_Holwerda_etal_2011,published_WHISP_HI_morphology_proxy_only,whisp_holwerda2011_morphology_readout_no_velocity_endpoint_no_refit
UGC08271,Noordermeer2005_WHISP,08271,0.660647978872,0.456072955277,18.7628760257,3.29022639335,1.66847400914,0.341473660013,0.258564517455,0.86104598737,1.35267340753,0.933932434482,0.97851701838,0.905296399,VizieR_J_MNRAS_416_2415_Holwerda_etal_2011,published_WHISP_HI_morphology_proxy_only,whisp_holwerda2011_morphology_readout_no_velocity_endpoint_no_refit
UGC08699,Noordermeer2005_WHISP,08699,0.692677952475,0.577663906464,18.647537163,0.265546137339,2.0,0.198964380729,0.844616238833,0.831158392787,1.41421356237,1.0,1.0,1.114448545,VizieR_J_MNRAS_416_2415_Holwerda_etal_2011,published_WHISP_HI_morphology_proxy_only,whisp_holwerda2011_morphology_readout_no_velocity_endpoint_no_refit
UGC08805,Noordermeer2005_WHISP,08805,0.476807017359,1.32132709343,6.8546420386,2.80970557398,1.22363102564,0.351815833917,0.280041116356,0.483418319103,1.38504207495,0.980521477253,0.978222460403,0.810132513,VizieR_J_MNRAS_416_2415_Holwerda_etal_2011,published_WHISP_HI_morphology_proxy_only,whisp_holwerda2011_morphology_readout_no_velocity_endpoint_no_refit
UGC08863,Noordermeer2005_WHISP,08863,0.557137873965,1.07412405908,5.42675674138,2.72621906774,0.677804128004,0.141685266356,0.475642029202,0.483661298422,1.41421356237,1.0,1.0,0.677336246,VizieR_J_MNRAS_416_2415_Holwerda_etal_2011,published_WHISP_HI_morphology_proxy_only,whisp_holwerda2011_morphology_readout_no_velocity_endpoint_no_refit
UGC09133,Noordermeer2005_WHISP,09133,0.516755248162,1.6401702217,7.69729730807,3.19848501098,0.631897875129,0.0907615571029,0.440233832799,0.469614062033,1.38872117584,0.978284439023,0.985650070058,0.637903610,VizieR_J_MNRAS_416_2415_Holwerda_etal_2011,published_WHISP_HI_morphology_proxy_only,whisp_holwerda2011_morphology_readout_no_velocity_endpoint_no_refit
UGC09644,Noordermeer2005_WHISP,09644,0.639374439308,1.25482847807,5.94293190381,2.99584506291,0.650170543495,0.193678231219,0.166152367714,0.394028296538,1.41421356237,1.0,1.0,0.606053676,VizieR_J_MNRAS_416_2415_Holwerda_etal_2011,published_WHISP_HI_morphology_proxy_only,whisp_holwerda2011_morphology_readout_no_velocity_endpoint_no_refit
UGC10448,Noordermeer2005_WHISP,10448,0.679374230498,1.07863067372,7.08849087909,3.10340024792,1.79068734963,0.179348848417,0.10557322083,0.537999110515,1.34680427983,0.924095122671,0.979760160662,0.855603425,VizieR_J_MNRAS_416_2415_Holwerda_etal_2011,published_WHISP_HI_morphology_proxy_only,whisp_holwerda2011_morphology_readout_no_velocity_endpoint_no_refit
UGC11269,Noordermeer2005_WHISP,11269,0.644672577549,1.59695329645,8.30756767882,3.44132211945,1.11054281552,0.201142212421,0.230477453695,0.490038866601,1.36228100838,0.973435343098,0.953012685435,0.726110873,VizieR_J_MNRAS_416_2415_Holwerda_etal_2011,published_WHISP_HI_morphology_proxy_only,whisp_holwerda2011_morphology_readout_no_velocity_endpoint_no_refit
UGC11670,Noordermeer2005_WHISP,11670,0.670483983101,1.31169312773,8.19851425958,3.48051234665,0.985115449163,0.155293155959,0.599605266238,0.506423158618,1.41421356237,1.0,1.0,0.788556858,VizieR_J_MNRAS_416_2415_Holwerda_etal_2011,published_WHISP_HI_morphology_proxy_only,whisp_holwerda2011_morphology_readout_no_velocity_endpoint_no_refit
UGC11852,Noordermeer2005_WHISP,11852,0.596996830995,1.41826085227,6.89864115087,3.26153159825,0.515923667311,0.0706397855523,0.472862084317,0.469674392674,1.36774482758,0.958857613813,0.975355314643,0.606792591,VizieR_J_MNRAS_416_2415_Holwerda_etal_2011,published_WHISP_HI_morphology_proxy_only,whisp_holwerda2011_morphology_readout_no_velocity_endpoint_no_refit
UGC11914,Noordermeer2005_WHISP,11914,0.550479181709,0.815290802031,3.72583666843,1.51696631582,0.456675130907,0.144440585642,0.0518831117106,0.462425719436,1.41421356237,1.0,1.0,0.516803098,VizieR_J_MNRAS_416_2415_Holwerda_etal_2011,published_WHISP_HI_morphology_proxy_only,whisp_holwerda2011_morphology_readout_no_velocity_endpoint_no_refit
UGC11951,Noordermeer2005_WHISP,11951,0.59490358782,2.56477480083,22.0650095178,14.3383520267,1.59449435617,0.29294794197,0.897223952832,0.736800628895,1.38612127785,0.987019282485,0.973203541357,1.042696882,VizieR_J_MNRAS_416_2415_Holwerda_etal_2011,published_WHISP_HI_morphology_proxy_only,whisp_holwerda2011_morphology_readout_no_velocity_endpoint_no_refit
UGC12043,Noordermeer2005_WHISP,12043,0.659849085694,1.9279175023,8.95097484772,3.94606378205,0.444232971628,0.138986125963,0.556448194387,0.482814182158,1.34730049178,0.97065368233,0.934371470103,0.621741946,VizieR_J_MNRAS_416_2415_Holwerda_etal_2011,published_WHISP_HI_morphology_proxy_only,whisp_holwerda2011_morphology_readout_no_velocity_endpoint_no_refit
UGC12276,Noordermeer2005_WHISP,12276,0.613817049985,0.695761830942,0.270764787672,0.137847271563,2.0,0.236921411939,0.0902491753864,0.612784185065,1.41421356237,1.0,1.0,0.935346037,VizieR_J_MNRAS_416_2415_Holwerda_etal_2011,published_WHISP_HI_morphology_proxy_only,whisp_holwerda2011_morphology_readout_no_velocity_endpoint_no_refit
UGC12713,Noordermeer2005_WHISP,12713,0.673205463676,2.31312973252,11.8276470982,5.11048190662,0.882493263362,0.182946946697,0.526464900782,0.495295679351,1.34693815363,0.968659124984,0.935917672279,0.734710816,VizieR_J_MNRAS_416_2415_Holwerda_etal_2011,published_WHISP_HI_morphology_proxy_only,whisp_holwerda2011_morphology_readout_no_velocity_endpoint_no_refit
UGC12815,Noordermeer2005_WHISP,12815,0.640414469356,1.37627871154,9.80318011208,3.29045325134,1.63207814344,0.23094368178,0.561314470849,0.677676525322,1.40351753945,0.995172973462,0.989693001108,0.956963459,VizieR_J_MNRAS_416_2415_Holwerda_etal_2011,published_WHISP_HI_morphology_proxy_only,whisp_holwerda2011_morphology_readout_no_velocity_endpoint_no_refit
